"","workerId","trial_num","start_num","digits","word_condition","save_choice","save_condition","FileB","FileA","B_Recall","A_Recall","time","age","gender","homelang","race","DigitScore","AScore","BScore"
"1","anon0",1,941,"938
","8","delete","delete","bikes,hate,waste,lip,form,jeans,match,rat","bear,insect,dinner,crib,hobby,thumb,knot,blade","Bikes
hate
form
jean
match
rat","",135647,"38","female","English","white",1,0,0.75
"2","anon0",2,942,"939
939
939
939
939
939
939
939
939
939
939
939
939
939","8","save","save","cannon,zoo,attack,brick,plate,crown,cat,board","doll,skate,toad,collar,powder,sense,shoe,system","zoo
attack
canon
crown
cat
","doll
skate
toad
collar
powder
sense
shoe
system",122601,"38","female","English","white",1,1,0.5
"3","anon0",3,534,"531
531
531
531
531
531
531
531
531
531
531
531
531
531
531
5","8","delete","delete","title,tub,letter,cellar,offer,planes,knee,hope","chess,curtain,time,plant,pies,geese,jar,word","word
cellar
offer
knee
hope","chess
curtain
time
",105296,"38","female","English","white",1,0.375,0.5
"4","anon0",4,327,"324
324
324
324
324
324
324
324
324
324
324
324
3","8","save","save","moth,steel,lumber,suit,sound,trip,sign,junk","cup,street,paper,bank,voyage,fuel,swing,bag","moth
steel
swing
back
lumber
","cup
street
paper
bank
voyage
fuel
swing
bag",118807,"38","female","English","white",1,1,0.375
"5","anon0",5,477,"444
444
444
444
444
444
444
444
444
444
444
444
444
444
4444
444
444","8","save","save","top,animal,stream,test,meat,chair,store,bead","flag,eggs,boy,rail,party,snow,button,wine","top
animal
stream
chair
store
bread","flag
egg
rail
boy
snow
party
wine
button",148745,"38","female","English","white",0,1,0.625
"6","anon0",6,701,"698
698
698
698
698
698
698
698
698
698
698
698
698
698
698
698","8","save","save","toy,glove,roll,scene,fowl,lace,son,field","stage,duck,rifle,fang,shirt,bulb,fruit,yarn","glove
roll
field
fowl
lace
son
","stage
duck
rifle
fang
shirt
bulb
fruit
yarn",119360,"38","female","English","white",1,1,0.75
"7","anon0",7,337,"334
334
334
334
334
334
334
334
334
334
334
334
334
334
334
334
334
334","8","delete","delete","horse,space,cent,meal,candy,army,expert,wash","top,animal,stream,test,meat,chair,store,bead","horse
space
cent
meal
candy
army
expert
wash","top
animal
stream
test
meat
chair
store
bread",102217,"38","female","English","white",1,0.875,1
"8","anon0",8,670,"577
577
577
577
577
577
577
577
577
577
577
577
577
577
577
57","8","delete","delete","laugh,whip,land,thing,car,walk,sink,camp","clam,mice,guide,key,note,river,pen,earth","sink
camp
laugh","mouse
earth
pen
note
cup
",100216,"38","female","English","white",0,0.375,0.375
"9","anon1",1,273,"273
270
267
264
261
","8","delete","delete","bikes,hate,waste,lip,form,jeans,match,rat","bear,insect,dinner,crib,hobby,thumb,knot,blade","bikes
hate
waste
lip
form
jeans
match
rat","dinner
hobby",114073,"29","male","ENGLISH","asian",4,0.25,1
"10","anon1",2,758,"758
755
752
749
746
743
740
737
734
7","8","save","save","cannon,zoo,attack,brick,plate,crown,cat,board","doll,skate,toad,collar,powder,sense,shoe,system","cat
zoo
cannon
crown","doll
shoe
",120865,"29","male","ENGLISH","asian",8,0.25,0.5
"11","anon1",3,259,"259
256
253
250
247
244
241
238
235
","8","save","save","laugh,whip,land,thing,car,walk,sink,camp","stage,duck,rifle,fang,shirt,bulb,fruit,yarn","laugh
whip
car
sink","yarn
fruit
fang
duck
stage
rifle",132993,"29","male","ENGLISH","asian",8,0.75,0.5
"12","anon1",4,863,"863
860
857
854
851
848
845
842","8","delete","delete","horse,space,cent,meal,candy,army,expert,wash","cup,street,paper,bank,voyage,fuel,swing,bag","horse
meal
candy
wash
","street
paper
bank
voyage",103433,"29","male","ENGLISH","asian",7,0.5,0.5
"13","anon1",5,408,"408
405
402
399
396
393
390","8","delete","delete","moth,steel,lumber,suit,sound,trip,sign,junk","clam,mice,guide,key,note,river,pen,earth","junk
sign
lumber
steel
suit
moth","pen
key
note
mice
clam
earth",105465,"29","male","ENGLISH","asian",6,0.75,0.75
"14","anon1",6,969,"969
966
963
960
957
954
951
948","8","save","save","title,tub,letter,cellar,offer,planes,knee,hope","chess,curtain,time,plant,pies,geese,jar,word","hope
knee
title
tub
offer
plane","chess
jar
word
pies
time
plant
curtain",130489,"29","male","ENGLISH","asian",7,0.875,0.75
"15","anon1",7,232,"232
229
226
223
220
217
214
211","8","delete","delete","top,animal,stream,test,meat,chair,store,bead","flag,eggs,boy,rail,party,snow,button,wine","bead
chair
meat
test
top
","flag
eggs
boy
snow
wine",101601,"29","male","ENGLISH","asian",7,0.625,0.625
"16","anon1",8,708,"708
705
702
699
696
693","8","save","save","toy,glove,roll,scene,fowl,lace,son,field","top,animal,stream,test,meat,chair,store,bead","field
son
toy
roll
glove","bead
store
top
animal
test
chair
",128257,"29","male","ENGLISH","asian",5,0.75,0.625
"17","anon10",1,479,"476
473
470
4","8","delete","delete","bikes,hate,waste,lip,form,jeans,match,rat","bear,insect,dinner,crib,hobby,thumb,knot,blade","jeans
match
lu
","lip
match
file
ca",121848,"46","female","English","white",3,0,0.25
"18","anon10",2,605,"602
599
596
593
590","8","save","save","cannon,zoo,attack,brick,plate,crown,cat,board","doll,skate,toad,collar,powder,sense,shoe,system","attack
brown
brick
cannon
crown
cat
","shoe
sense
system
skate
collar
doll
",121961,"46","female","English","white",5,0.75,0.625
"19","anon10",3,826,"823
820
817
814
811
808
","8","save","save","laugh,whip,land,thing,car,walk,sink,camp","cup,street,paper,bank,voyage,fuel,swing,bag","car
camp
swing
sink
walk
cap
","paper
bank
bag
fuel
street
cup
laugh
",123138,"46","female","English","white",6,0.75,0.5
"20","anon10",4,477,"474
471
468
465
461
45","8","save","save","horse,space,cent,meal,candy,army,expert,wash","top,animal,stream,test,meat,chair,store,bead","hope
meat
space
candy
army
expert
meal
bead","top
animal
meat
test
air
stream
chair
store
bead
",121406,"46","female","English","white",4,1,0.625
"21","anon10",5,610,"607
604
601
598
595
592
589
","8","delete","delete","moth,steel,lumber,suit,sound,trip,sign,junk","stage,duck,rifle,fang,shirt,bulb,fruit,yarn","junk
sign
trip
suit
duck
stage
","moth
sign
store
meat
car
trip
map
",102919,"46","female","English","white",7,0,0.5
"22","anon10",6,264,"261
258
255
","8","delete","delete","title,tub,letter,cellar,offer,planes,knee,hope","flag,eggs,boy,rail,party,snow,button,wine","tub
party
planes
offer
hope
cellar
","paper
jet
chair
store
",106721,"46","female","English","white",3,0,0.625
"23","anon10",7,281,"278
275
272
269
266]
","8","save","save","toy,glove,roll,scene,fowl,lace,son,field","chess,curtain,time,plant,pies,geese,jar,word","son
fowl
field
glove
ball
lace
","chess
curtain
time
plant
pies
geese
jars
world
",119587,"46","female","English","white",4,0.75,0.625
"24","anon10",8,966,"966
963
960
957
954
951
948","8","delete","delete","top,animal,stream,test,meat,chair,store,bead","clam,mice,guide,key,note,river,pen,earth","clam
mice
river
store
bead
chair
meat
top
","clam
mice
river
store
bead
chair
stream
",99981,"46","female","English","white",6,0.375,0.625
"25","anon11",1,262,"259
256
253
25","2","delete","delete","bikes,hate,waste,lip,form,jeans,match,rat","bear,crib","bikes
jeans
waste
rat
lip
","bear",115897,"43","male","English","white",3,0.5,0.625
"26","anon11",2,690,"687
684
681
678
375
67","2","save","save","cannon,zoo,attack,brick,plate,crown,cat,board","toad,system","cannon
brick
attack
zoom
board","toad
system",123714,"43","male","English","white",4,1,0.5
"27","anon11",3,226,"223
220
217
214
211
208
205
202
199
196","2","delete","delete","moth,steel,lumber,suit,sound,trip,sign,junk","key,river","moth
steel
lumber
suit
sound
junk
","key
river",106394,"43","male","English","white",10,1,0.75
"28","anon11",4,721,"718
715
712
709
706
703
700
697
69","2","delete","delete","top,animal,stream,test,meat,chair,store,bead","office,war","top
bead
animal
store
meat
bed
","office
war",127106,"43","male","English","white",8,1,0.625
"29","anon11",5,363,"360
357
354
351
348
345
342
339
336
","2","save","save","toy,glove,roll,scene,fowl,lace,son,field","time,jar","scene
field
glove
toy
","time
jar",121529,"43","male","English","white",9,1,0.5
"30","anon11",6,388,"385
382
379
376
373
370
367
364
36","2","save","save","horse,space,cent,meal,candy,army,expert,wash","cup,fuel","horse
space
expert
meal
wash
camp
","cup
fuel",122062,"43","male","English","white",8,1,0.625
"31","anon11",7,272,"269
266
263
260
257
254
251
248
245
242","2","delete","delete","title,tub,letter,cellar,offer,planes,knee,hope","eggs,snow","title
tub
letter
plane
offer
hope
","eggs
snow",119145,"43","male","English","white",10,1,0.75
"32","anon11",8,289,"286
283
280
277
273
271
268
26","2","save","save","laugh,whip,land,thing,car,walk,sink,camp","rifle,shirt","laugh
whip
sink
car
camp
walk
","rifle
shirt",121808,"43","male","English","white",5,1,0.75
"33","anon12",1,364,"364
361
358
355
","2","delete","delete","bikes,hate,waste,lip,form,jeans,match,rat","bear,crib","bike
hate
waste
lip
jeans
","bear
crib",123362,"23","female","English","white",3,1,0.625
"34","anon12",2,821,"821
819
816
813
810
807
","2","save","save","cannon,zoo,attack,brick,plate,crown,cat,board","toad,system","file
zoo
cat
attack
","toad
crib",125908,"23","female","English","white",4,0.5,0.375
"35","anon12",3,590,"590
587
584
581
578
575
","2","save","save","toy,glove,roll,scene,fowl,lace,son,field","office,war","roll
glove
field
","office
war
",119860,"23","female","English","white",5,1,0.375
"36","anon12",4,207,"207
204
201
198
195
192
189
186
18","2","delete","delete","laugh,whip,land,thing,car,walk,sink,camp","eggs,snow","laugh
land
whip
","egg
snow
",101628,"23","female","English","white",7,1,0.375
"37","anon12",5,471,"471
469
466
463
","2","save","save","title,tub,letter,cellar,offer,planes,knee,hope","cup,fuel","knee
planes
offer
hope
cellar
","cup
fuel
",119917,"23","female","English","white",2,1,0.625
"38","anon12",6,820,"820
817
814
811
809
806
803","2","save","save","horse,space,cent,meal,candy,army,expert,wash","time,jar","horse
space
cent
meal
army
wash
candy
","time
jar",119077,"23","female","English","white",5,1,0.875
"39","anon12",7,644,"644
641
638
635
632
629
626
","2","delete","delete","moth,steel,lumber,suit,sound,trip,sign,junk","key,river","moth
steel
lumbar
suit
","river
key
",103256,"23","female","English","white",6,1,0.375
"40","anon12",8,432,"432
429
426
423
420
417
414
411
","2","delete","delete","top,animal,stream,test,meat,chair,store,bead","rifle,shirt","meat
store
bead
animal
","rifle
shirt
",102684,"23","female","English","white",7,1,0.5
"41","anon13",1,396,"393
390
386","8","delete","delete","bikes,hate,waste,lip,form,jeans,match,rat","bear,insect,dinner,crib,hobby,thumb,knot,blade","waste
","",110011,"36","male","English","white",2,0,0.125
"42","anon13",2,803,"800
797
794
791
","8","save","save","cannon,zoo,attack,brick,plate,crown,cat,board","doll,skate,toad,collar,powder,sense,shoe,system","attack
zoo
cat","doll
shoe
powder
",126433,"36","male","English","white",4,0.375,0.375
"43","anon13",3,897,"894
891
798","8","save","save","top,animal,stream,test,meat,chair,store,bead","flag,eggs,boy,rail,party,snow,button,wine","top
test
meat
","wine
eggs
snow

",123439,"36","male","English","white",2,0.375,0.375
"44","anon13",4,446,"443
440
437
434","8","delete","delete","toy,glove,roll,scene,fowl,lace,son,field","top,animal,stream,test,meat,chair,store,bead","roll
fowl
lace
","store
top
",101801,"36","male","English","white",4,0.25,0.375
"45","anon13",5,625,"622
619
616
613
","8","save","save","horse,space,cent,meal,candy,army,expert,wash","chess,curtain,time,plant,pies,geese,jar,word","space
meal
","jar
plant
time
pies
",121935,"36","male","English","white",4,0.5,0.25
"46","anon13",6,768,"765
762
759
756","8","delete","delete","moth,steel,lumber,suit,sound,trip,sign,junk","cup,street,paper,bank,voyage,fuel,swing,bag","steel
trip
","cup
",100307,"36","male","English","white",4,0.125,0.25
"47","anon13",7,518,"515
512
509
506
503
5","8","delete","delete","laugh,whip,land,thing,car,walk,sink,camp","clam,mice,guide,key,note,river,pen,earth","whip
land
","mice
key
",101676,"36","male","English","white",5,0.25,0.25
"48","anon13",8,995,"992
989
986
983
","8","save","save","title,tub,letter,cellar,offer,planes,knee,hope","stage,duck,rifle,fang,shirt,bulb,fruit,yarn","title
tub","stage
duck
rifle
fang
",115432,"36","male","English","white",4,0.5,0.25
"49","anon14",1,468,"465
462
459
456","8","delete","delete","bikes,hate,waste,lip,form,jeans,match,rat","bear,insect,dinner,crib,hobby,thumb,knot,blade","bear
rat
insect
","bikes
hate
",150515,"33","male","English","white",4,0,0.125
"50","anon14",2,321,"318
315
312
309
306
303
300
297
2","8","save","save","cannon,zoo,attack,brick,plate,crown,cat,board","doll,skate,toad,collar,powder,sense,shoe,system","zoo
cat
attack
","doll
skate
toad
collar
powder
shoe",133397,"33","male","English","white",8,0.75,0.375
"51","anon14",3,433,"430
427
424
421
418
415
412
409
406
","8","save","save","moth,steel,lumber,suit,sound,trip,sign,junk","clam,mice,guide,key,note,river,pen,earth","moth
steel
lumber
suit
sign","clam
mice
guide
key
river
pen
earth",146689,"33","male","English","white",9,0.875,0.625
"52","anon14",4,934,"931
928
925
922
919
916
913
910
","8","delete","delete","top,animal,stream,test,meat,chair,store,bead","cup,street,paper,bank,voyage,fuel,swing,bag","top
animal
stream","cup
street
paper
bank",125873,"33","male","English","white",8,0.5,0.375
"53","anon14",5,879,"876
873
870
867
864
861
858
","8","delete","delete","laugh,whip,land,thing,car,walk,sink,camp","flag,eggs,boy,rail,party,snow,button,wine","laugh
whip
land
sink
","flag
eggs
",113314,"33","male","English","white",7,0.25,0.5
"54","anon14",6,747,"744
741
738
735
732
729
726
723
720
717
","8","save","save","title,tub,letter,cellar,offer,planes,knee,hope","top,animal,stream,test,meat,chair,store,bead","title
tub
letter
cellar","top
animal
stream
test
meat
chair
store
bead
",128335,"33","male","English","white",10,1,0.5
"55","anon14",7,345,"342
339
336
333
330
327
324
321
318
315
312","8","save","save","horse,space,cent,meal,candy,army,expert,wash","chess,curtain,time,plant,pies,geese,jar,word","horse
space
army
wheel","chess
curtain
time
plant
pies
geese
jar
word",134748,"33","male","English","white",11,1,0.375
"56","anon14",8,296,"293
290
287
284
281
278
275
272
269
266
","8","delete","delete","toy,glove,roll,scene,fowl,lace,son,field","stage,duck,rifle,fang,shirt,bulb,fruit,yarn","toy
glove
roll
scene
","stage
duck",119368,"33","male","English","white",10,0.25,0.5
"57","anon15",1,400,"397
394
391
389","8","delete","delete","bikes,hate,waste,lip,form,jeans,match,rat","bear,insect,dinner,crib,hobby,thumb,knot,blade","rat
waste
r","bear
hat
bikes
share
",130138,"31","male","English","white",3,0.125,0.25
"58","anon15",2,303,"300
297
294
291
288
","8","save","save","cannon,zoo,attack,brick,plate,crown,cat,board","doll,skate,toad,collar,powder,sense,shoe,system","cannon
zoo
attack
board","doll
skate
toad
collar
powder
",119145,"31","male","English","white",5,0.625,0.5
"59","anon15",3,821,"819
816
813
810
807
804
80","8","save","save","top,animal,stream,test,meat,chair,store,bead","clam,mice,guide,key,note,river,pen,earth","test
animal
stream
","clam
mice
guide
key
note
river
pen
earth",117354,"31","male","English","white",5,1,0.375
"60","anon15",4,550,"547
544
541
538
","8","save","save","horse,space,cent,meal,candy,army,expert,wash","chess,curtain,time,plant,pies,geese,jar,word","horse
space
time
wheel
candy
wash","chess
curtain
time
plant
geese
jar
word",116723,"31","male","English","white",4,0.875,0.5
"61","anon15",5,772,"769
766
763
760
757
754
751
748
","8","delete","delete","title,tub,letter,cellar,offer,planes,knee,hope","flag,eggs,boy,rail,party,snow,button,wine","knee
hope
flags
wine
","boy
eggs
cellar
airplanes",106388,"31","male","English","white",8,0.25,0.25
"62","anon15",6,200,"197
194
191
188
185
182
179
176
","8","delete","delete","laugh,whip,land,thing,car,walk,sink,camp","cup,street,paper,bank,voyage,fuel,swing,bag","lamp
swing
paper
car
street
walk","top
lamp
paper",99315,"31","male","English","white",8,0.125,0.25
"63","anon15",7,941,"938
935
932
929","8","save","save","moth,steel,lumber,suit,sound,trip,sign,junk","stage,duck,rifle,fang,shirt,bulb,fruit,yarn","moth
steel
lumber
suit
strip
junk
shine","stage
duck
rifle
fang
shirt
fruit
yarn",115996,"31","male","English","white",4,0.875,0.625
"64","anon15",8,427,"424
421
418
415
412
409
406
40","8","delete","delete","toy,glove,roll,scene,fowl,lace,son,field","top,animal,stream,test,meat,chair,store,bead","foul
shine
","top
animal
car
field
",101205,"31","male","English","white",7,0.25,0
"65","anon17",1,247,"244
241
238
235
23","2","delete","delete","bikes,hate,waste,lip,form,jeans,match,rat","bear,crib","RAT
LIP
JEANS
WASTE
","BEAR
CRIB",110336,"25","female","English","white",4,1,0.5
"66","anon17",2,851,"858
855
852
849
","2","save","save","cannon,zoo,attack,brick,plate,crown,cat,board","toad,system","CANNON
ZOO
BRICK
WALL
","TOAD
SYSTEM",119790,"25","female","English","white",3,1,0.375
"67","anon17",3,505,"502
499
496
493
490
487
","2","delete","delete","horse,space,cent,meal,candy,army,expert,wash","office,war","ARMY
EXPERT
WASH
CANDY
","OFFICE
WAR",102508,"25","female","English","white",6,1,0.5
"68","anon17",4,576,"576
573
570
567
564
561
558
","2","delete","delete","laugh,whip,land,thing,car,walk,sink,camp","cup,fuel","SINK
CAMP
LAND
THING
","CUP
FUEL",99799,"25","female","English","white",6,1,0.5
"69","anon17",5,267,"264
261
258
555","2","save","save","top,animal,stream,test,meat,chair,store,bead","rifle,shirt","TOP
ANIMAL
STREAM
TEST
MEAT
CHAIR","RIFLE
SHIRT",118752,"25","female","English","white",3,1,0.75
"70","anon17",6,743,"740
737
734
731
728
7","2","save","save","title,tub,letter,cellar,offer,planes,knee,hope","eggs,snow","LETTER
CELLAR
KNEE
HOPE","EGGS
SNOW",117354,"25","female","English","white",5,1,0.5
"71","anon17",7,487,"487
484
481
","2","save","save","toy,glove,roll,scene,fowl,lace,son,field","key,river","TOY
GLOVE
FOUL
LACE
SON
FIELD","KEY
RIVER",117311,"25","female","English","white",2,1,0.625
"72","anon17",8,832,"829
826
823
82","2","delete","delete","moth,steel,lumber,suit,sound,trip,sign,junk","time,jar","LUMBER
SUIT
MOTH
","TIME
JAR",110222,"25","female","English","white",3,1,0.375
"73","anon18",1,529,"526
523
520
517
514
511
508
505
502
499
4","2","delete","delete","bikes,hate,waste,lip,form,jeans,match,rat","bear,crib","bike
","bear
crib",104922,"26","male","English","asian",10,1,0.125
"74","anon18",2,235,"232
229
226
223
220
217
214
211
208
205
202
199
1","2","save","save","cannon,zoo,attack,brick,plate,crown,cat,board","toad,system","cannon
zoo
","toad
system",121817,"26","male","English","asian",12,1,0.25
"75","anon18",3,578,"575
572
569
566
563
560
577
557
554
551
","2","save","save","title,tub,letter,cellar,offer,planes,knee,hope","time,jar","table
tub","time
jar",118563,"26","male","English","asian",8,1,0.125
"76","anon18",4,744,"741
738
735
732
729
726
723
720
717
714
","2","delete","delete","top,animal,stream,test,meat,chair,store,bead","rifle,shirt","top
animal","rifle
shirt
",99505,"26","male","English","asian",10,1,0.25
"77","anon18",5,950,"947
944
941
938
935
932
929
926
923
920
9","2","delete","delete","laugh,whip,land,thing,car,walk,sink,camp","cup,fuel","laugh
whip
","cup
fuel",101146,"26","male","English","asian",10,1,0.25
"78","anon18",6,730,"727
724
721
718
715
712
709
706
703
700
","2","save","save","toy,glove,roll,scene,fowl,lace,son,field","eggs,snow","toy
glove
","eggs
snow",119202,"26","male","English","asian",10,1,0.25
"79","anon18",7,325,"322
319
316
313
310
307
304
301
298
295
292
2","2","save","save","horse,space,cent,meal,candy,army,expert,wash","office,war","horse
space","office
war",127246,"26","male","English","asian",11,1,0.25
"80","anon18",8,769,"766
763
760
757
754
751
748
745
742
739
736
","2","delete","delete","moth,steel,lumber,suit,sound,trip,sign,junk","key,river","moth
steel
","key
river",104442,"26","male","English","asian",11,1,0.25
"81","anon19",1,597,"594
591
588
585","8","delete","delete","bikes,hate,waste,lip,form,jeans,match,rat","bear,insect,dinner,crib,hobby,thumb,knot,blade","
","Bear
insect
dinner
crib
hobby
thumb
knot
blade
",159793,"18","male","English","white",4,1,0
"82","anon19",2,512,"509
506
503
500
497
494
491
47","8","save","save","cannon,zoo,attack,brick,plate,crown,cat,board","doll,skate,toad,collar,powder,sense,shoe,system","cannon
zoo
attack
brick
plate
crown
board
cat
","doll
skate
powder
shoe
sense
system
collar
toad
",159490,"18","male","English","white",7,1,1
"83","anon19",3,296,"293
290
287
284
281
278
275
272
269
","8","save","save","laugh,whip,land,thing,car,walk,sink,camp","flag,eggs,boy,rail,party,snow,button,wine","eggs
boy
rail
party
snow
button
wine
flag
","flag
eggs
boy
rail",142297,"18","male","English","white",9,0.5,0
"84","anon19",4,657,"654
651
548
645
642
6","8","delete","delete","top,animal,stream,test,meat,chair,store,bead","chess,curtain,time,plant,pies,geese,jar,word","pies
geese
jar
word
curtain
","plant
pies
chess
curtain
jar
word
geese
time",127410,"18","male","English","white",3,1,0
"85","anon19",5,575,"572
569
566
563
560
557
55","8","save","save","moth,steel,lumber,suit,sound,trip,sign,junk","stage,duck,rifle,fang,shirt,bulb,fruit,yarn","steel
lumber
moth
sound
trip
sign
junk
suit
","fang
stage
duck
rifle
fruit
yarn
bulb
",129418,"18","male","English","white",6,0.875,1
"86","anon19",6,351,"347
344
341
337
334
331
329
326
323
32","8","delete","delete","horse,space,cent,meal,candy,army,expert,wash","clam,mice,guide,key,note,river,pen,earth","space
cent
meal
candy
wash
expert
horse
army","pen
earth
key
note
river
guide
mice
clam",100473,"18","male","English","white",6,1,1
"87","anon19",7,401,"398
395
392
389
386
383
380
377
374","8","delete","delete","title,tub,letter,cellar,offer,planes,knee,hope","top,animal,stream,test,meat,chair,store,bead","knee
planes
cellar
offer
title
tub
letter
hope","top
store
bead
stream
animal
test
meat
chair
",101458,"18","male","English","white",9,1,1
"88","anon19",8,912,"909
906
903
900
897
894
891
88","8","save","save","toy,glove,roll,scene,fowl,lace,son,field","cup,street,paper,bank,voyage,fuel,swing,bag","glove
scene
fowl
laces
field
son
toy
roll
","voyage
bank
fuel
swing
bag
paper
street
cup
",126802,"18","male","English","white",7,1,0.875
"89","anon20",1,751,"748","8","delete","delete","bikes,hate,waste,lip,form,jeans,match,rat","bear,insect,dinner,crib,hobby,thumb,knot,blade","blade
waste
rat
","",110765,"32","female","english","white",1,0,0.25
"90","anon20",2,909,"906
903
900
8","8","save","save","cannon,zoo,attack,brick,plate,crown,cat,board","doll,skate,toad,collar,powder,sense,shoe,system","cannon
attack
brick
cat
board

","doll
skate
powder
shoe
system",123682,"32","female","english","white",3,0.625,0.625
"91","anon20",3,860,"857
854
85","8","delete","delete","toy,glove,roll,scene,fowl,lace,son,field","clam,mice,guide,key,note,river,pen,earth","system
clam
mice
","key
note
pen
earth
clam
",100850,"32","female","english","white",2,0.625,0
"92","anon20",4,772,"769
766
76","8","delete","delete","horse,space,cent,meal,candy,army,expert,wash","stage,duck,rifle,fang,shirt,bulb,fruit,yarn","candy
wash
expert
meal
","",102196,"32","female","english","white",2,0,0.5
"93","anon20",5,217,"214
211
208
205
2","8","delete","delete","laugh,whip,land,thing,car,walk,sink,camp","top,animal,stream,test,meat,chair,store,bead","laugh
whip
camp
walk
","animal
",102523,"32","female","english","white",4,0.125,0.5
"94","anon20",6,575,"572
569
566
","8","save","save","title,tub,letter,cellar,offer,planes,knee,hope","cup,street,paper,bank,voyage,fuel,swing,bag","letter
celler
knee
hope
cup
paper
fuel
voyage
","cup
street
voyage
fuel
swing
bag
paper",117497,"32","female","english","white",3,0.875,0.375
"95","anon20",7,452,"450
447
454
","8","save","save","top,animal,stream,test,meat,chair,store,bead","flag,eggs,boy,rail,party,snow,button,wine","top
animal
stream
test
store
bead","flag
eggs
boy
rail
party
snow
button
wine",117657,"32","female","english","white",1,1,0.75
"96","anon20",8,746,"743
740
737
7","8","save","save","moth,steel,lumber,suit,sound,trip,sign,junk","chess,curtain,time,plant,pies,geese,jar,word","junk
list
","chess
curtain
time
plant
geese
jar
word",115139,"32","female","english","white",3,0.875,0.125
"97","anon21",1,935,"932
929
927
924
","8","delete","delete","bikes,hate,waste,lip,form,jeans,match,rat","bear,insect,dinner,crib,hobby,thumb,knot,blade","Bikes
Lip
Rat
Match","Blade
Bear
Insect
",121560,"39","male","English","white",3,0.375,0.5
"98","anon21",2,948,"945
942
94","8","save","save","cannon,zoo,attack,brick,plate,crown,cat,board","doll,skate,toad,collar,powder,sense,shoe,system","Cannon
Zoo
Attack
Brick
Plate","doll
skate
toad
collar
powder
sense
shoe",128140,"39","male","English","white",2,0.875,0.625
"99","anon21",3,622,"619
616
613
610
","8","delete","delete","title,tub,letter,cellar,offer,planes,knee,hope","stage,duck,rifle,fang,shirt,bulb,fruit,yarn","Tile
Tub
Knee","Stage
Shirt
Yarn",122276,"39","male","English","white",4,0.375,0.25
"100","anon21",4,987,"985
982
979
976
973
970
","8","delete","delete","toy,glove,roll,scene,fowl,lace,son,field","clam,mice,guide,key,note,river,pen,earth","toy
fowl
scene","key
pen
note",109477,"39","male","English","white",5,0.375,0.375
"101","anon21",5,489,"486
483
480
477
4","8","save","save","top,animal,stream,test,meat,chair,store,bead","chess,curtain,time,plant,pies,geese,jar,word","top
test
meat
chair","chess
curtain
time
plant
pies
geese
word
jar",121234,"39","male","English","white",4,1,0.5
"102","anon21",6,958,"955
952
949
946
943
940","8","save","save","laugh,whip,land,thing,car,walk,sink,camp","top,animal,stream,test,meat,chair,store,bead","laugh
land
car","top
animal
test
meat
chair
store
bread
stream",118645,"39","male","English","white",6,0.875,0.375
"103","anon21",7,507,"504
501
498
495
493
490","8","delete","delete","moth,steel,lumber,suit,sound,trip,sign,junk","flag,eggs,boy,rail,party,snow,button,wine","steel
s","",103605,"39","male","English","white",5,0,0.125
"104","anon21",8,737,"734
731
728
725
7","8","save","save","horse,space,cent,meal,candy,army,expert,wash","cup,street,paper,bank,voyage,fuel,swing,bag","horse
meal
wash","cup
street
paper
bank
voyage
fuel
swing
bag",123089,"39","male","English","white",4,1,0.375
"105","anon23",1,893,"890
887
884
881
878
875
","8","delete","delete","bikes,hate,waste,lip,form,jeans,match,rat","bear,insect,dinner,crib,hobby,thumb,knot,blade","bike
hobby
test
","bear
insect
crib
dinner
hobby
",101608,"32","female","english","white",6,0.625,0.125
"106","anon23",2,380,"377
374
371
368
365
364
361
3","8","save","save","cannon,zoo,attack,brick,plate,crown,cat,board","doll,skate,toad,collar,powder,sense,shoe,system","cannon

zoo
attack
brick
plate
","skate
system
shoe
doll
collar
pow",117170,"32","female","english","white",6,0.625,0.625
"107","anon23",3,897,"894
891
888
885
882
879
879","8","delete","delete","moth,steel,lumber,suit,sound,trip,sign,junk","chess,curtain,time,plant,pies,geese,jar,word","steel
lumber
moth
wing
suit
","",105332,"32","female","english","white",6,0,0.5
"108","anon23",4,549,"546
543
540
537
534
531
528
525
522
519
5","8","save","save","laugh,whip,land,thing,car,walk,sink,camp","top,animal,stream,test,meat,chair,store,bead","car
walk
sink
","animal
meat
store
bead
test
chair
stream
",115175,"32","female","english","white",10,0.875,0.375
"109","anon23",5,581,"578
575
572
569
566
563
560
557","8","delete","delete","top,animal,stream,test,meat,chair,store,bead","cup,street,paper,bank,voyage,fuel,swing,bag","animal
store
bead
test
stream
top
chair
","cup
paper
bank
voyage
fuel",99625,"32","female","english","white",8,0.625,0.875
"110","anon23",6,387,"384
381
378
375
372
369
366
363
360
357
354
351
3","8","delete","delete","toy,glove,roll,scene,fowl,lace,son,field","stage,duck,rifle,fang,shirt,bulb,fruit,yarn","toy
son
field
glove
fowl
lace
","duck
rifle
stage
",97805,"32","female","english","white",12,0.375,0.75
"111","anon23",7,436,"433
430
427
424
421
419
416
413
410
407
404
401
398
395
39","8","save","save","title,tub,letter,cellar,offer,planes,knee,hope","flag,eggs,boy,rail,party,snow,button,wine","offer
letter
knee
planes
hope
flag
","party
snow
button
wine
boy
flag
eggs
rail",114012,"32","female","english","white",13,1,0.625
"112","anon23",8,630,"627
624
621
618
615
612
609
606
603
600
597
594
","8","save","save","horse,space,cent,meal,candy,army,expert,wash","clam,mice,guide,key,note,river,pen,earth","space
army
expert
horse
meal
cent
candy
","note
pen
river
earth
mice
clam
guide
key",114696,"32","female","english","white",12,1,0.875
"113","anon24",1,503,"500
497
494
491
5","8","delete","delete","bikes,hate,waste,lip,form,jeans,match,rat","bear,insect,dinner,crib,hobby,thumb,knot,blade","Hate
Bike
Lip
Tr","Crib
Bear
Dinner
Hobby 
",106071,"26","female","English","white",4,0.375,0.25
"114","anon24",2,619,"619
616
613
610
607
604
601
","8","save","save","cannon,zoo,attack,brick,plate,crown,cat,board","doll,skate,toad,collar,powder,sense,shoe,system","Attack 
Cannon
Brick
Zoo
Cat
Crown
Board
","Doll
Skate
Road
Collar
Powder
Shoe
System
",121970,"26","female","English","white",6,0.75,0.75
"115","anon24",3,293,"290
287
284
281
278
275
","8","save","save","toy,glove,roll,scene,fowl,lace,son,field","stage,duck,rifle,fang,shirt,bulb,fruit,yarn","Son
Roll 
Toy
Glove 
Fowl","Stage
Duck
Rifle
Bulb
Shirt
Fruit
Yarn",123201,"26","female","English","white",6,0.875,0.375
"116","anon24",4,666,"666
663
660
657
654
651
648
645
6","8","save","save","horse,space,cent,meal,candy,army,expert,wash","cup,street,paper,bank,voyage,fuel,swing,bag","Candy
Cent
Meal
Space
Horse
","Cup
Street
Paper
Bank
Fuel
Voyage
Bag
Swing",121851,"26","female","English","white",7,1,0.625
"117","anon24",5,446,"443
440
437
434
431
42","8","delete","delete","laugh,whip,land,thing,car,walk,sink,camp","chess,curtain,time,plant,pies,geese,jar,word","Camp
Walk
Car
Sink
Thing
","Curtain 
Time
Plant
",101770,"26","female","English","white",5,0.25,0.625
"118","anon24",6,941,"938
935
932
929
926
923
920
","8","save","save","title,tub,letter,cellar,offer,planes,knee,hope","top,animal,stream,test,meat,chair,store,bead","Knee
Planes
Offer
","Top
Animal
Stream
Test
Chair
Meat
Store
Bead",117201,"26","female","English","white",7,1,0.375
"119","anon24",7,634,"631
628
625
622
619
616
61","8","delete","delete","top,animal,stream,test,meat,chair,store,bead","flag,eggs,boy,rail,party,snow,button,wine","Top
Animal
Stream
Meat
Chair
Store
Bead","Boy
Bubble
",114862,"26","female","English","white",6,0.125,0.875
"120","anon24",8,783,"780
777
774
771
768
765
762
","8","delete","delete","moth,steel,lumber,suit,sound,trip,sign,junk","clam,mice,guide,key,note,river,pen,earth","Steel
Suit
Sound
Sign
Lumber
","Earth
River
Clam
Mice
Pen
Note",102669,"26","female","English","white",7,0.75,0.625
"121","anon25",1,529,"526
523
520
517
514
511
5","8","delete","delete","bikes,hate,waste,lip,form,jeans,match,rat","bear,insect,dinner,crib,hobby,thumb,knot,blade","jeans
hate
waste
form
lips
","insect
bear
knot
",110449,"35","female","English","asian",6,0.375,0.5
"122","anon25",2,892,"889
886
883
880
877","8","save","save","cannon,zoo,attack,brick,plate,crown,cat,board","doll,skate,toad,collar,powder,sense,shoe,system","cannon
brick
zoo
cat
plate
","dollar
skate
shoe
sense
powder
system
",125226,"35","female","English","asian",5,0.625,0.625
"123","anon25",3,583,"580
497
494
491
388
385
38","8","save","save","top,animal,stream,test,meat,chair,store,bead","chess,curtain,time,plant,pies,geese,jar,word","top
stream
test
meat
animal
bead
store","chess
geese
time
word
plant
",120315,"35","female","English","asian",4,0.625,0.875
"124","anon25",4,656,"653
650
647
644
","8","save","save","horse,space,cent,meal,candy,army,expert,wash","cup,street,paper,bank,voyage,fuel,swing,bag","meal
cent
candy
horse
space
street
bank","swing
bag
voyage
fuel
street
bank
paper
cup",119956,"35","female","English","asian",4,1,0.625
"125","anon25",5,780,"777
774
771
768
765
762
7","8","delete","delete","laugh,whip,land,thing,car,walk,sink,camp","stage,duck,rifle,fang,shirt,bulb,fruit,yarn","camp
duck
fang
","shirt
bulb
stage
",101899,"35","female","English","asian",6,0.375,0.125
"126","anon25",6,620,"617
614
611
608
605
602
59","8","save","save","toy,glove,roll,scene,fowl,lace,son,field","top,animal,stream,test,meat,chair,store,bead","boy
fowl
glove
field
","top
animal
stream
store
meat
chair
bead",119454,"35","female","English","asian",6,0.875,0.375
"127","anon25",7,781,"778
775
772
769
","8","delete","delete","moth,steel,lumber,suit,sound,trip,sign,junk","flag,eggs,boy,rail,party,snow,button,wine","steel
lumber
junk
suit
sound
trip
win","",102811,"35","female","English","asian",4,0,0.75
"128","anon25",8,842,"842
839
836
833
830
827
824
821
81","8","delete","delete","title,tub,letter,cellar,offer,planes,knee,hope","clam,mice,guide,key,note,river,pen,earth","letter
offer
tile
knee
hope
title
","pen
note
key
offer
plane
",104029,"35","female","English","asian",7,0.375,0.625
"129","anon26",1,416,"","8","delete","delete","bikes,hate,waste,lip,form,jeans,match,rat","bear,insect,dinner,crib,hobby,thumb,knot,blade","RAT
","BIKE
",117952,"44","female","English","white",0,0,0.125
"130","anon26",2,838,"838
835","8","save","save","cannon,zoo,attack,brick,plate,crown,cat,board","doll,skate,toad,collar,powder,sense,shoe,system","ZOO
CAT
BRICK
ATTA","DOLL
SKATE
POWDER
",129932,"44","female","English","white",1,0.375,0.375
"131","anon26",3,411,"411
408","8","save","save","toy,glove,roll,scene,fowl,lace,son,field","chess,curtain,time,plant,pies,geese,jar,word","SON
FIELD
TOY
ROLL
","PIES
CURTAIN
PLANT
GREESE
CHE",126833,"44","female","English","white",1,0.375,0.5
"132","anon26",4,682,"682
679","8","delete","delete","laugh,whip,land,thing,car,walk,sink,camp","top,animal,stream,test,meat,chair,store,bead","HILL
","ANIMAL
MEAT
STORE
",120863,"44","female","English","white",1,0.375,0
"133","anon26",5,378,"378
375","8","save","save","top,animal,stream,test,meat,chair,store,bead","flag,eggs,boy,rail,party,snow,button,wine","ANIMAL
STORE
TOP
CHAIR
MEA","",122612,"44","female","English","white",1,0,0.5
"134","anon26",6,793,"793
790","8","delete","delete","horse,space,cent,meal,candy,army,expert,wash","stage,duck,rifle,fang,shirt,bulb,fruit,yarn","DUCK
RIFLE
FA","ARMY
CANGY
MEAL
CENY
",108791,"44","female","English","white",1,0,0
"135","anon26",7,719,"719
716","8","save","save","moth,steel,lumber,suit,sound,trip,sign,junk","clam,mice,guide,key,note,river,pen,earth","STEEL
LUMBER
TRIP
SOUND
","RIVER
EARTH
CLAM
GUIDE
MICE",128930,"44","female","English","white",1,0.625,0.5
"136","anon26",8,382,"382
379","8","delete","delete","title,tub,letter,cellar,offer,planes,knee,hope","cup,street,paper,bank,voyage,fuel,swing,bag","STREET
CUP
BAG
BAN","PLANES
OFFER
HOPE
",111544,"44","female","English","white",1,0,0
"137","anon28",1,513,"510
507
504
","8","delete","delete","bikes,hate,waste,lip,form,jeans,match,rat","bear,insect,dinner,crib,hobby,thumb,knot,blade","bike
rack
hat
map","bear
bee
",116723,"31","female","English","white",3,0.125,0.125
"138","anon28",2,850,"847
844
841
","8","save","save","cannon,zoo,attack,brick,plate,crown,cat,board","doll,skate,toad,collar,powder,sense,shoe,system","cannon
zoo
attack
skate
board
","doll
skate
toad
collar
powder
shoe
system",127749,"31","female","English","white",3,0.875,0.5
"139","anon28",3,863,"860
857
854
851
848","8","save","save","moth,steel,lumber,suit,sound,trip,sign,junk","top,animal,stream,test,meat,chair,store,bead","moth
steel
line
suit
jump","top
animal
stream
chest
meat
share
store
bead",123361,"31","female","English","white",5,0.75,0.375
"140","anon28",4,327,"324
321
318
315
312
","8","delete","delete","horse,space,cent,meal,candy,army,expert,wash","clam,mice,guide,key,note,river,pen,earth","clam
expert
guy
sport
sign
wash","sign
person
wash",108592,"31","female","English","white",5,0,0.25
"141","anon28",5,709,"706
703
700
697
694
69","8","delete","delete","laugh,whip,land,thing,car,walk,sink,camp","flag,eggs,boy,rail,party,snow,button,wine","clam
button
sink","boy
clam
bear
pearl",106319,"31","female","English","white",5,0.125,0.125
"142","anon28",6,587,"584
581
498
495
","8","delete","delete","title,tub,letter,cellar,offer,planes,knee,hope","stage,duck,rifle,fang,shirt,bulb,fruit,yarn","cellar
collar
clam
boat","sink
ship
boat
shell
pea",102117,"31","female","English","white",3,0,0.125
"143","anon28",7,963,"960
957
954
951
948
9","8","save","save","top,animal,stream,test,meat,chair,store,bead","chess,curtain,time,plant,pies,geese,jar,word","bead
chest
sword
","chess
curtain
time
plant
geese
jar
word",119238,"31","female","English","white",5,0.875,0.125
"144","anon28",8,815,"812
799
796
793
790","8","save","save","toy,glove,roll,scene,fowl,lace,son,field","cup,street,paper,bank,voyage,fuel,swing,bag","sun
field
","cup
street
paper
bank
voyage
fuel
swing
bag",119586,"31","female","English","white",4,1,0.125
"145","anon30",1,237,"234
231
228
225
22","8","delete","delete","bikes,hate,waste,lip,form,jeans,match,rat","bear,insect,dinner,crib,hobby,thumb,knot,blade","Insect
Photo
Lip
","Ancient
",111978,"36","male","English","white",4,0,0.125
"146","anon30",2,759,"756
753
750
747
744
741
738
735
732
729
72","8","save","save","cannon,zoo,attack,brick,plate,crown,cat,board","doll,skate,toad,collar,powder,sense,shoe,system","zoo
plate
crown
cat
","doll
skate
toad
collar
powder
shoe
system",121743,"36","male","English","white",10,0.875,0.5
"147","anon30",3,881,"878
875
872
869
866
863
860
857
85","8","delete","delete","toy,glove,roll,scene,fowl,lace,son,field","chess,curtain,time,plant,pies,geese,jar,word","toy
field
fowl
roll
","word
curtain
chess
",106967,"36","male","English","white",8,0.375,0.5
"148","anon30",4,326,"323
320
317
314
311
308
305
302
299
296
293
","8","delete","delete","title,tub,letter,cellar,offer,planes,knee,hope","stage,duck,rifle,fang,shirt,bulb,fruit,yarn","title
hope
letter
","stage
yarn
shirt
",111641,"36","male","English","white",11,0.375,0.375
"149","anon30",5,927,"924
921
918
915
912
909
906
903
900
897
894
8","8","delete","delete","horse,space,cent,meal,candy,army,expert,wash","top,animal,stream,test,meat,chair,store,bead","horse
cent
meal
candy
","top
animal
meat
store
",111952,"36","male","English","white",11,0.5,0.5
"150","anon30",6,602,"599
596
593
590
587
584
581
578
575
572
5","8","save","save","moth,steel,lumber,suit,sound,trip,sign,junk","flag,eggs,boy,rail,party,snow,button,wine","steel
lumber
moth
junk
","eggs
boy
snow
button
wine
",126873,"36","male","English","white",10,0.625,0.5
"151","anon30",7,885,"882
879
876
873
870
867
864
861
8","8","save","save","laugh,whip,land,thing,car,walk,sink,camp","clam,mice,guide,key,note,river,pen,earth","whip
thing
camp
sink
","key
note
earth
guide
",125459,"36","male","English","white",8,0.5,0.5
"152","anon30",8,888,"885
882
879
876
873
870
867
864
861
858
855
852
84","8","save","save","top,animal,stream,test,meat,chair,store,bead","cup,street,paper,bank,voyage,fuel,swing,bag","animal
meat
test
store
","street
voyage
fuel
cup
bag
bank
",132227,"36","male","English","white",12,0.75,0.5
"153","anon31",1,524,"521
518
515
512
509
506
503
","2","delete","delete","bikes,hate,waste,lip,form,jeans,match,rat","bear,crib","bikes
lip
rat
hate
form
jeans
","crib
bear
",109970,"34","male","english","other",7,1,0.75
"154","anon31",2,737,"734
731
728
725
722
719","2","save","save","cannon,zoo,attack,brick,plate,crown,cat,board","toad,system","zoo
cat
plate
brick
cannon
board","toad
system",127062,"34","male","english","other",6,1,0.75
"155","anon31",3,484,"481
478
475
472
469
466
463
460
","2","save","save","horse,space,cent,meal,candy,army,expert,wash","eggs,snow","horse
cent
meal
candy
army
wash

","eggs
snow",153209,"34","male","english","other",8,1,0.75
"156","anon31",4,942,"939
936
933
930
927
924","2","save","save","top,animal,stream,test,meat,chair,store,bead","cup,fuel","bead
test
meat
top
chair
animal
store","cup
fuel
",120901,"34","male","english","other",6,1,0.875
"157","anon31",5,763,"760
757
754
751
748
745","2","save","save","moth,steel,lumber,suit,sound,trip,sign,junk","office,war","moth
suit
sound
trip
sign
","office
war",143251,"34","male","english","other",6,1,0.625
"158","anon31",6,983,"980
977
947
971
968
965
962","2","delete","delete","toy,glove,roll,scene,fowl,lace,son,field","key,river","toy
son
field
fowl
roll
glove
lace
","river
key",111808,"34","male","english","other",5,1,0.875
"159","anon31",7,451,"448
445
442
439
436
433
430
","2","delete","delete","laugh,whip,land,thing,car,walk,sink,camp","time,jar","moth
steel
suit
sound
trip
junk
","time
jar
",123065,"34","male","english","other",7,1,0
"160","anon31",8,849,"846
843
840
837
834
831
828
825","2","delete","delete","title,tub,letter,cellar,offer,planes,knee,hope","rifle,shirt","tub
offer
letter
knee
hope
planes","shirt
rifle
",105877,"34","male","english","other",8,1,0.75
"161","anon33",1,454,"451
44","2","delete","delete","bikes,hate,waste,lip,form,jeans,match,rat","bear,crib","bike
hit
","bear
crib
",142152,"58","female","English","white",1,1,0.125
"162","anon33",2,605,"602
599
59","2","save","save","cannon,zoo,attack,brick,plate,crown,cat,board","toad,system","cannon
zoo
cat
","toad
system
",125405,"58","female","English","white",2,1,0.375
"163","anon33",3,550,"547
544
541
538
535
532","2","delete","delete","horse,space,cent,meal,candy,army,expert,wash","key,river","horse
cent
wash
","key
river
",105344,"58","female","English","white",6,1,0.375
"164","anon33",4,602,"597
594
591
58","2","delete","delete","toy,glove,roll,scene,fowl,lace,son,field","office,war","toy
glove
roll
scene
fowl
lace
son
field
","office
war
",102450,"58","female","English","white",2,1,1
"165","anon33",5,893,"890
887
884
881
878
","2","save","save","laugh,whip,land,thing,car,walk,sink,camp","eggs,snow","laugh
whip
land
thing
car
walk
sink
camp
","eggs
snow
",119400,"58","female","English","white",5,1,1
"166","anon33",6,252,"249
246
243
240
237
23","2","delete","delete","title,tub,letter,cellar,offer,planes,knee,hope","time,jar","title
tub
letter
cellar
offer
planes
knee
hope
","blank",101494,"58","female","English","white",5,0,1
"167","anon33",7,392,"289
28","2","save","save","moth,steel,lumber,suit,sound,trip,sign,junk","rifle,shirt","moth
steel
lumber
suit
sound
trip
sign
junk
","rifle
shirt
",117837,"58","female","English","white",0,1,1
"168","anon33",8,930,"927
924
921
91","2","save","save","top,animal,stream,test,meat,chair,store,bead","cup,fuel","top
animal
stream
test
meat
chair
store
bead
","cup
fuel
",117389,"58","female","English","white",3,1,1
"169","anon35",1,324,"321
318
315
312
","2","delete","delete","bikes,hate,waste,lip,form,jeans,match,rat","bear,crib","bikes
hate
lips
waste
","bear
crib",115506,"36","male","English","white",4,1,0.375
"170","anon35",2,865,"862
859
856
853
850
847
844","2","save","save","cannon,zoo,attack,brick,plate,crown,cat,board","toad,system","cannon
cat
zoo
plate
attack
","toad
system
",126025,"36","male","English","white",7,1,0.625
"171","anon35",3,947,"947
944
941
938
935
932
929
926
","2","delete","delete","moth,steel,lumber,suit,sound,trip,sign,junk","office,war","moth
steel
junk
sign
","office
war
",107801,"36","male","English","white",7,1,0.5
"172","anon35",4,753,"753
750
747
744
741
738
735
","2","save","save","title,tub,letter,cellar,offer,planes,knee,hope","cup,fuel","title
tub
letter
cellar
offer
","cup
fuel
",122231,"36","male","English","white",6,1,0.625
"173","anon35",5,258,"255
252
249
246
243
240
237
2","2","delete","delete","toy,glove,roll,scene,fowl,lace,son,field","time,jar","tire
glove
fowl
son
toy
","time
glove",107815,"36","male","English","white",7,0.5,0.5
"174","anon35",6,837,"837
834
831
828
825
822","2","save","save","horse,space,cent,meal,candy,army,expert,wash","rifle,shirt","horse
space
sent
meal
wash
candy
","rifle
shirt
",126271,"36","male","English","white",5,1,0.625
"175","anon35",7,483,"480
477
474
471
468
","2","delete","delete","top,animal,stream,test,meat,chair,store,bead","key,river","top
animal
meat
stream
test
","river
key",107775,"36","male","English","white",5,1,0.625
"176","anon35",8,903,"900
897
894
891
888
885
882","2","save","save","laugh,whip,land,thing,car,walk,sink,camp","eggs,snow","laugh
whip
land
car
sink
think
","eggs
snow",119392,"36","male","English","white",7,1,0.625
"177","anon36",1,942,"939
9","2","delete","delete","bikes,hate,waste,lip,form,jeans,match,rat","bear,crib","rat
bike
rug
","bear
crib",128355,"32","male","English","white",1,1,0.25
"178","anon36",2,291,"288
285
282
27","2","save","save","cannon,zoo,attack,brick,plate,crown,cat,board","toad,system","cat
cannon
zoo
crown
brick","toad
system",128798,"32","male","English","white",3,1,0.625
"179","anon36",3,942,"939
936
933
930
927
9","2","save","save","toy,glove,roll,scene,fowl,lace,son,field","rifle,shirt","son
scene
field
fowl
field","rifle
shirt",129195,"32","male","English","white",5,1,0.625
"180","anon36",4,742,"739
736
733
730
","2","save","save","title,tub,letter,cellar,offer,planes,knee,hope","key,river","cellar
plane
collar
hope
","key
river",119810,"32","male","English","white",4,1,0.375
"181","anon36",5,881,"878
875
872
","2","delete","delete","top,animal,stream,test,meat,chair,store,bead","time,jar","animal
meat
","time
jar",108483,"32","male","English","white",3,1,0.25
"182","anon36",6,532,"529
526
523
520
517
514
","2","save","save","horse,space,cent,meal,candy,army,expert,wash","office,war","expert
wash
candy
horse
","office
war",124374,"32","male","English","white",6,1,0.5
"183","anon36",7,773,"770
767
764
761
758
755
","2","delete","delete","moth,steel,lumber,suit,sound,trip,sign,junk","eggs,snow","junk
steel
lumber
sign
space","eggs
snow",112610,"32","male","English","white",6,1,0.5
"184","anon36",8,774,"771
768
765
762
7","2","delete","delete","laugh,whip,land,thing,car,walk,sink,camp","cup,fuel","lumber
steel
f","cup
fuel",109411,"32","male","English","white",4,1,0
"185","anon38",1,863,"860
88","8","delete","delete","bikes,hate,waste,lip,form,jeans,match,rat","bear,insect,dinner,crib,hobby,thumb,knot,blade","bike
hate
waste
lip","bear
insect
dinner
crib
hobby
",176586,"31","male","English","black",1,0.625,0.5
"186","anon38",2,674,"671
668
6","8","save","save","cannon,zoo,attack,brick,plate,crown,cat,board","doll,skate,toad,collar,powder,sense,shoe,system","canon
zoo
attack
brick","doll
skate
toad
collar
powder",124922,"31","male","English","black",2,0.625,0.375
"187","anon38",3,643,"641
638
635
632
6","8","save","save","title,tub,letter,cellar,offer,planes,knee,hope","cup,street,paper,bank,voyage,fuel,swing,bag","title
tub
letter","cup
street
paper
bank",130131,"31","male","English","black",3,0.5,0.375
"188","anon38",4,283,"280
277
274
271
268","8","save","save","toy,glove,roll,scene,fowl,lace,son,field","stage,duck,rifle,fang,shirt,bulb,fruit,yarn","toy
glove
rat
scene","stage
duck
rifle",130066,"31","male","English","black",5,0.375,0.375
"189","anon38",5,612,"609
606
603
600","8","save","save","horse,space,cent,meal,candy,army,expert,wash","chess,curtain,time,plant,pies,geese,jar,word","hat
space
city
meat","cheese
curtain
time
plant",118467,"31","male","English","black",4,0.375,0.125
"190","anon38",6,931,"929
926
923
920
91","8","delete","delete","moth,steel,lumber,suit,sound,trip,sign,junk","flag,eggs,boy,rail,party,snow,button,wine","moth
steel
lumber
suit
","flag
egg
bay",108345,"31","male","English","black",3,0.25,0.5
"191","anon38",7,212,"209
206
203
200
197
19","8","delete","delete","top,animal,stream,test,meat,chair,store,bead","top,animal,stream,test,meat,chair,store,bead","top
animal
stream
test","top
test",102747,"31","male","English","black",5,0.25,0.5
"192","anon38",8,982,"979
976
973
970","8","delete","delete","laugh,whip,land,thing,car,walk,sink,camp","clam,mice,guide,key,note,river,pen,earth","laugh
whip
land
thing","clam
mice
guide",100482,"31","male","English","black",4,0.375,0.5
"193","anon39",1,910,"907","2","delete","delete","bikes,hate,waste,lip,form,jeans,match,rat","bear,crib","bikes
lips
hate
jeans
rat","bear
crib",153307,"30","female","English","white",1,1,0.5
"194","anon39",2,474,"471
468
465
462","2","save","save","cannon,zoo,attack,brick,plate,crown,cat,board","toad,system","cannon
zoo
attack
brick
plate","toad
system

",123923,"30","female","English","white",4,1,0.625
"195","anon39",3,879,"876
873
870
867
","2","save","save","toy,glove,roll,scene,fowl,lace,son,field","rifle,shirt","toy
glove
son
lace","rifle
shirt",121420,"30","female","English","white",4,1,0.5
"196","anon39",4,328,"325
322
319
316
313
310","2","save","save","moth,steel,lumber,suit,sound,trip,sign,junk","key,river","moths
steel
lumber
suit
sound","key
river",120603,"30","female","English","white",6,1,0.5
"197","anon39",5,987,"984
981
978
975
972
","2","delete","delete","laugh,whip,land,thing,car,walk,sink,camp","time,jar","laugh
whip
land
car","thing
cat",103235,"30","female","English","white",5,0,0.5
"198","anon39",6,896,"893
890
887
884
881
878","2","save","save","top,animal,stream,test,meat,chair,store,bead","eggs,snow","top
animal
stream","eggs
snow",120332,"30","female","English","white",6,1,0.375
"199","anon39",7,889,"886
883
880
877
874
871","2","delete","delete","horse,space,cent,meal,candy,army,expert,wash","office,war","space
cent
candy
army","army
",99179,"30","female","English","white",6,0,0.5
"200","anon39",8,789,"786
783
780
777
774
771","2","delete","delete","title,tub,letter,cellar,offer,planes,knee,hope","cup,fuel","tub
letter
","fuel
title",98376,"30","female","English","white",6,0.5,0.25
"201","anon4",1,382,"379
379
379
379
37","8","delete","delete","bikes,hate,waste,lip,form,jeans,match,rat","bear,insect,dinner,crib,hobby,thumb,knot,blade","hate
bat","rat
bike
",105645,"25","female","english","white",1,0,0.125
"202","anon4",2,220,"217
217
217
217
217
217
217
217
217
217
217
217
2","8","save","save","cannon,zoo,attack,brick,plate,crown,cat,board","doll,skate,toad,collar,powder,sense,shoe,system","zoo
crown
cat
brick","sense
skate
shoe
system
powder
collar",119761,"25","female","english","white",1,0.75,0.5
"203","anon4",3,773,"770
770
770
770
770
770
770
770
770
770
770
770
770
770
770
770
770
770","8","delete","delete","title,tub,letter,cellar,offer,planes,knee,hope","clam,mice,guide,key,note,river,pen,earth","knee
letter
plane
mitten
","mice
river
earth
note
pen",101038,"25","female","english","white",1,0.625,0.375
"204","anon4",4,955,"952
952
952
952
952
952
952
952
","8","delete","delete","top,animal,stream,test,meat,chair,store,bead","chess,curtain,time,plant,pies,geese,jar,word","animal
top
notes
","chess
curtain
plant
pies
word
",103917,"25","female","english","white",1,0.625,0.25
"205","anon4",5,320,"317
317
317
317
317
317
317
317
317
317
317
317
","8","delete","delete","moth,steel,lumber,suit,sound,trip,sign,junk","stage,duck,rifle,fang,shirt,bulb,fruit,yarn","junk
","fruit
bulb
fruit
yarn
fang",100307,"25","female","english","white",1,0.625,0.125
"206","anon4",6,314,"311
311
311
311
311
311
311
311
311
311
311
311
311
311
311
311
311
311
311
311
311
31","8","save","save","toy,glove,roll,scene,fowl,lace,son,field","top,animal,stream,test,meat,chair,store,bead","toy
glove
lace
son
field
","top
animal
test
meat
chair
store
bread",116844,"25","female","english","white",1,0.75,0.625
"207","anon4",7,207,"204
204
204
204
204
204
204
204
204
204
204
204
204
204
204
204
204
","8","save","save","laugh,whip,land,thing,car,walk,sink,camp","cup,street,paper,bank,voyage,fuel,swing,bag","laugh
land
thing
car
walk
whip","cup
street
paper
fuel
swing
bag
voyage
bank",118051,"25","female","english","white",1,1,0.75
"208","anon4",8,545,"542
542
542
542
542
542
542
542
542
542
542
","8","save","save","horse,space,cent,meal,candy,army,expert,wash","flag,eggs,boy,rail,party,snow,button,wine","c0ant
candy
wash
horse
space
army","boy
rail
party
snow
button
wine
eggs",117519,"25","female","english","white",1,0.875,0.625
"209","anon41",1,829,"826
823
820
","2","delete","delete","bikes,hate,waste,lip,form,jeans,match,rat","bear,crib","hate
","bear
crib",119266,"58","male","English","white",3,1,0.125
"210","anon41",2,744,"741
738
735","2","save","save","cannon,zoo,attack,brick,plate,crown,cat,board","toad,system","cat
zoo
cannon
attack
","Toad
system
",128866,"58","male","English","white",3,1,0.5
"211","anon41",3,416,"413
410
407
404
401
398
395
392","2","delete","delete","top,animal,stream,test,meat,chair,store,bead","cup,fuel","bead
chair
animal
meat
","cup
fuel
",117643,"58","male","English","white",8,1,0.5
"212","anon41",4,457,"454
451
448
445
442
439
","2","save","save","moth,steel,lumber,suit,sound,trip,sign,junk","rifle,shirt","sound
junk
suit
","rifle
shirt
",139436,"58","male","English","white",6,1,0.375
"213","anon41",5,453,"452
449
446
443
440
437
434
","2","delete","delete","title,tub,letter,cellar,offer,planes,knee,hope","eggs,snow","cellar
hope
letter
offer
","eggs
snow
",114769,"58","male","English","white",6,1,0.5
"214","anon41",6,228,"225
222
219
216
213
210
207
204
201
197
","2","save","save","laugh,whip,land,thing,car,walk,sink,camp","office,war","thing
walk
whip
camp
","office
war
",131528,"58","male","English","white",9,1,0.5
"215","anon41",7,909,"906
903
900
897
894
891
","2","delete","delete","horse,space,cent,meal,candy,army,expert,wash","key,river","army
cent
space
","key
river

",112664,"58","male","English","white",6,1,0.375
"216","anon41",8,785,"782
779
776
773
770
767
764
","2","save","save","toy,glove,roll,scene,fowl,lace,son,field","time,jar","field
son
lace
toy
","time
jar
",127834,"58","male","English","white",7,1,0.5
"217","anon43",1,770,"767
765
7","8","delete","delete","bikes,hate,waste,lip,form,jeans,match,rat","bear,insect,dinner,crib,hobby,thumb,knot,blade","bikes
jeans
form
hate
waste
lip","bear
insect
hobby
dinner
crib
knot
",117527,"33","female","Tamil","asian",1,0.75,0.75
"218","anon43",2,634,"631
628
625
622
619
616","8","save","save","cannon,zoo,attack,brick,plate,crown,cat,board","doll,skate,toad,collar,powder,sense,shoe,system","cannon
zoo
board
cat
plate
attack
brick
","doll
skate
toad
collar
system
powder
sho",149801,"33","female","Tamil","asian",6,0.75,0.875
"219","anon43",3,866,"863
860
857
854
851
","8","delete","delete","title,tub,letter,cellar,offer,planes,knee,hope","top,animal,stream,test,meat,chair,store,bead","tile
tub
tetter
scope
offer
plabe
kn","top
animal
stream
test
meat
chair
brea",124730,"33","female","Tamil","asian",5,0.75,0.25
"220","anon43",4,428,"425
422
419
416
413
4","8","delete","delete","laugh,whip,land,thing,car,walk,sink,camp","flag,eggs,boy,rail,party,snow,button,wine","car
walk
land
","snow
wine
party
boy
eggs
",108661,"33","female","Tamil","asian",5,0.625,0.375
"221","anon43",5,551,"548
545
542
539
536
533
","8","delete","delete","toy,glove,roll,scene,fowl,lace,son,field","cup,street,paper,bank,voyage,fuel,swing,bag","cup
street
bank
paper
","toy
roll
son
glove
fowl
",104118,"33","female","Tamil","asian",6,0,0
"222","anon43",6,506,"503
500
547
544
541
538
53","8","save","save","horse,space,cent,meal,candy,army,expert,wash","stage,duck,rifle,fang,shirt,bulb,fruit,yarn","candy
meal
horse
cent
army","shirt
bulb
rifle
fruit
yarn
rifle
",117037,"33","female","Tamil","asian",5,0.75,0.625
"223","anon43",7,774,"771
768
765
762
749
746
","8","save","save","moth,steel,lumber,suit,sound,trip,sign,junk","clam,mice,guide,key,note,river,pen,earth","moth
steel
lumber
suit
","clam
mice
key
note
river
pen
guide
earth",117128,"33","female","Tamil","asian",5,1,0.5
"224","anon43",8,268,"265
262
259
256
253
250
","8","save","save","top,animal,stream,test,meat,chair,store,bead","chess,curtain,time,plant,pies,geese,jar,word","top
bead
test
stream
","chess
curtain
time
geese
jar
pie
",115852,"33","female","Tamil","asian",6,0.625,0.5
"225","anon44",1,226,"223
220
217
214
211
208
205
202
199
196
193
190
187
","8","delete","delete","bikes,hate,waste,lip,form,jeans,match,rat","bear,insect,dinner,crib,hobby,thumb,knot,blade","None
File","Thumb
Hobby",104633,"25","male","English","white",13,0.25,0
"226","anon44",2,480,"477
474
471
468
465
462
459
456
453
450
447","8","save","save","cannon,zoo,attack,brick,plate,crown,cat,board","doll,skate,toad,collar,powder,sense,shoe,system","Cannon
Plate
Attack
Zoo
Brick","doll
skate
toad
collar
powder
sense
shoe
system",121906,"25","male","English","white",11,1,0.625
"227","anon44",3,896,"893
890
887
884
881
878
875
872
869
866
863
860
857
854
851
848
","8","delete","delete","toy,glove,roll,scene,fowl,lace,son,field","cup,street,paper,bank,voyage,fuel,swing,bag","None","Lace",107711,"25","male","English","white",16,0,0
"228","anon44",4,820,"817
814
811
808
805
802
799
796
793
790
787
784","8","delete","delete","horse,space,cent,meal,candy,army,expert,wash","clam,mice,guide,key,note,river,pen,earth","None","Mice
Guide
Key",107201,"25","male","English","white",12,0.375,0
"229","anon44",5,286,"283
280
277
274
271
268
265
262
259
256
253
250
247
25","8","save","save","title,tub,letter,cellar,offer,planes,knee,hope","stage,duck,rifle,fang,shirt,bulb,fruit,yarn","Knee","STAGE
DUCK
RIFLE
FANG
SHIRT
SHIRT
BULB
FRUIT
YARN",126152,"25","male","English","white",13,1.125,0.125
"230","anon44",6,350,"347
344
341
338
335
332
329
326
323
320
317
314
311
308
305
302
3","8","save","save","top,animal,stream,test,meat,chair,store,bead","top,animal,stream,test,meat,chair,store,bead","MEAT
ANIMAL
TEST","TOP
ANIMAL
STREAM
TEST
MEAT
CHAIR
STORE
BEAD",136887,"25","male","English","white",16,1,0.375
"231","anon44",7,682,"679
676
673
670
667
664
661
658
655
652
641
638
635
632
629
626
","8","delete","delete","laugh,whip,land,thing,car,walk,sink,camp","chess,curtain,time,plant,pies,geese,jar,word","LAUGH
LAND","CHESS
CURTAIN
PIES",113953,"25","male","English","white",15,0.375,0.25
"232","anon44",8,331,"328
325
322
319
316
311
308
305
302
299
296
293
290
287
284
2","8","save","save","moth,steel,lumber,suit,sound,trip,sign,junk","flag,eggs,boy,rail,party,snow,button,wine","steel
suit
sign","FLAG
EGGS
BOY
RAIL
PARTY
SNOW
BUTTON
WINE",118689,"25","male","English","white",14,1,0.375
"233","anon45",1,478,"475
472
469
466
463
460
","2","delete","delete","bikes,hate,waste,lip,form,jeans,match,rat","bear,crib","jeans
","bear
crib",113674,"1","male","English","white",6,1,0.125
"234","anon45",2,679,"676
673
670
667
664
661
658
655
652","2","save","save","cannon,zoo,attack,brick,plate,crown,cat,board","toad,system","attack
board
zoo
cannon
brick","toad
system",119208,"1","male","English","white",9,1,0.625
"235","anon45",3,954,"951
948
945
942
939
936
933
930
927
92","2","save","save","laugh,whip,land,thing,car,walk,sink,camp","eggs,snow","thing
car
laugh
walk
","eggs
snow",118522,"1","male","English","white",9,1,0.5
"236","anon45",4,867,"864
861
858
855
952
849
846
843
840
837
834
","2","delete","delete","title,tub,letter,cellar,offer,planes,knee,hope","cup,fuel","letter
hope
knee
offer","cup
fuel",101113,"1","male","English","white",9,1,0.5
"237","anon45",5,433,"430
427
424
421
418
415
512
409
","2","save","save","horse,space,cent,meal,candy,army,expert,wash","time,jar","wash
horse
space
army
expert
","time
jar",120792,"1","male","English","white",6,1,0.625
"238","anon45",6,623,"620
617
614
611
608
605
602
599
596
593
","2","delete","delete","toy,glove,roll,scene,fowl,lace,son,field","rifle,shirt","toy
glove
field
","rifle
shirt
",101833,"1","male","English","white",10,1,0.375
"239","anon45",7,385,"382
379
376
373
370
367
364
361
358
355
352
349","2","delete","delete","moth,steel,lumber,suit,sound,trip,sign,junk","key,river","moth
steel
junk
lumber
trip","key
river",106279,"1","male","English","white",12,1,0.625
"240","anon45",8,440,"437
434
431
428
425
422
419
416
413
410
407
4","2","save","save","top,animal,stream,test,meat,chair,store,bead","office,war","top
bead
store
test","office
war",117830,"1","male","English","white",11,1,0.5
"241","anon47",1,657,"6","2","delete","delete","bikes,hate,waste,lip,form,jeans,match,rat","bear,crib","waste
chair
dumpster","beer
chair",110659,"28","male","english","white",0,0,0.125
"242","anon47",2,392,"299
296","2","save","save","cannon,zoo,attack,brick,plate,crown,cat,board","toad,system","cat
zoo
brick
attack","toad
system
",123078,"28","male","english","white",1,1,0.5
"243","anon47",3,769,"766
763
760","2","save","save","toy,glove,roll,scene,fowl,lace,son,field","rifle,shirt","toy
glove
face
roll
field","rifle
shirt",120974,"28","male","english","white",3,1,0.5
"244","anon47",4,994,"991
888
885","2","delete","delete","top,animal,stream,test,meat,chair,store,bead","key,river","road
system
brick","toad
system",365585,"28","male","english","white",2,0,0
"245","anon47",5,589,"586
583
580","2","save","save","title,tub,letter,cellar,offer,planes,knee,hope","time,jar","title
tub","time
jar",116174,"28","male","english","white",3,1,0.25
"246","anon47",6,670,"669
663
660","2","delete","delete","moth,steel,lumber,suit,sound,trip,sign,junk","eggs,snow","moth
steel
lumber","eggs
snow",103446,"28","male","english","white",1,1,0.375
"247","anon47",7,541,"538
535
532
529","2","delete","delete","laugh,whip,land,thing,car,walk,sink,camp","cup,fuel","laugh
whip
land","boring
waste",235470,"28","male","english","white",4,0,0.375
"248","anon47",8,823,"819
816
813","2","save","save","horse,space,cent,meal,candy,army,expert,wash","office,war","horse
space","office
war",126879,"28","male","english","white",2,1,0.25
"249","anon48",1,770,"767
764
761
","8","delete","delete","bikes,hate,waste,lip,form,jeans,match,rat","bear,insect,dinner,crib,hobby,thumb,knot,blade","bikes
insects
wood
","bears
insect
wood
cradle
",118595,"27","male","English","white",3,0.125,0.125
"250","anon48",2,232,"232
229
226
223
220
217","8","save","save","cannon,zoo,attack,brick,plate,crown,cat,board","doll,skate,toad,collar,powder,sense,shoe,system","cat
zoo
attack
bricks
","doll
skate
toad
collar
",130459,"27","male","English","white",5,0.5,0.375
"251","anon48",3,663,"660
657
654
651
648
64","8","delete","delete","laugh,whip,land,thing,car,walk,sink,camp","top,animal,stream,test,meat,chair,store,bead","car
whip
land
","chair
store
meat
top
animal
",126619,"27","male","English","white",5,0.625,0.375
"252","anon48",4,648,"645
642
639
636
633
630
627
6","8","save","save","horse,space,cent,meal,candy,army,expert,wash","stage,duck,rifle,fang,shirt,bulb,fruit,yarn","expert
wash
army
horse
candy
meal
","stage
duck
bulb
fruit
shirt
rifle
fang",131419,"27","male","English","white",7,0.875,0.75
"253","anon48",5,866,"863
860
857
854
841
838
835","8","delete","delete","toy,glove,roll,scene,fowl,lace,son,field","flag,eggs,boy,rail,party,snow,button,wine","boy
lace
toy
turkey
glove","flag
egg
party
rail
",121408,"27","male","English","white",6,0.5,0.375
"254","anon48",6,443,"440
437
434
431
428
425
422
","8","delete","delete","moth,steel,lumber,suit,sound,trip,sign,junk","clam,mice,guide,key,note,river,pen,earth","lumber
steel
moth
","river
guide
note
key
",121368,"27","male","English","white",7,0.5,0.375
"255","anon48",7,927,"924
921
918
915
912
909
906
6","8","save","save","top,animal,stream,test,meat,chair,store,bead","chess,curtain,time,plant,pies,geese,jar,word","top
animal
screen
","chess
curtain
time
plant
geese
jar
",135754,"27","male","English","white",7,0.75,0.25
"256","anon48",8,412,"409
406
403
400
397
394
","8","save","save","title,tub,letter,cellar,offer,planes,knee,hope","cup,street,paper,bank,voyage,fuel,swing,bag","offer
hope
letter
title
tub
","voyage
paper
cub
street
fuel
bank
swing
bag",184432,"27","male","English","white",6,0.875,0.625
"257","anon5",1,943,"940
937
934
931
928","2","delete","delete","bikes,hate,waste,lip,form,jeans,match,rat","bear,crib","Bikes
hate
waste
jeans
match
","match
bear
",101826,"39","female","English","white",5,0.5,0.625
"258","anon5",2,971,"968
965
962
959
956
953
95","2","save","save","cannon,zoo,attack,brick,plate,crown,cat,board","toad,system","brick
plate
cannon
z","toad
system
",121703,"39","female","English","white",6,1,0.375
"259","anon5",3,858,"855
852
849
846
843
840
837
834
831
82","2","save","save","title,tub,letter,cellar,offer,planes,knee,hope","key,river","key
cellar
letter
","key
river",123037,"39","female","English","white",9,1,0.25
"260","anon5",4,655,"652
649
646
643
640
637
634
631
628
625
622
6","2","delete","delete","top,animal,stream,test,meat,chair,store,bead","time,jar","top
animal
street
","time
jar
",100907,"39","female","English","white",11,1,0.25
"261","anon5",5,724,"721
738
735
732
729
726
723
720
","2","delete","delete","toy,glove,roll,scene,fowl,lace,son,field","eggs,snow","toy
glove
son
fowl
","eggs
snow
",103010,"39","female","English","white",7,1,0.5
"262","anon5",6,959,"956
953
950
947
944
941
938
","2","delete","delete","moth,steel,lumber,suit,sound,trip,sign,junk","office,war","steel
lumber
junk
moth
suit
","office
war
",103545,"39","female","English","white",7,1,0.625
"263","anon5",7,249,"246
243
240
237
234
231
22","2","save","save","horse,space,cent,meal,candy,army,expert,wash","rifle,shirt","horse
space
cent
candy
expert
army
","rifle
shirt
",119738,"39","female","English","white",6,1,0.75
"264","anon5",8,482,"479
476
473
470
467
464
461
4","2","save","save","laugh,whip,land,thing,car,walk,sink,camp","cup,fuel","car
walk
laugh
thing

","cup
fuel",125597,"39","female","English","white",7,1,0.5
"265","anon50",1,561,"558
555
552
549
546
5","2","delete","delete","bikes,hate,waste,lip,form,jeans,match,rat","bear,crib","hate
waste
jeans
form","bear
crib",107381,"26","female","English","white",5,1,0.5
"266","anon50",2,503,"500
497
494
491
488
485
481
478
","2","save","save","cannon,zoo,attack,brick,plate,crown,cat,board","toad,system","crown
cat
zoo
attack
","toad
system",137478,"26","female","English","white",7,1,0.5
"267","anon50",3,346,"","2","delete","delete","laugh,whip,land,thing,car,walk,sink,camp","office,war","laugh
land
walk","office
war",113515,"26","female","English","white",0,1,0.375
"268","anon50",4,537,"534
531
528
525
521
518
515
512","2","save","save","toy,glove,roll,scene,fowl,lace,son,field","rifle,shirt","boy
lace
field","rifle
shirt",117699,"26","female","English","white",7,1,0.25
"269","anon50",5,228,"225
221
219
216
213
210
207
204
","2","save","save","moth,steel,lumber,suit,sound,trip,sign,junk","eggs,snow","rabbit
land","eggs
snow",117494,"26","female","English","white",6,1,0
"270","anon50",6,349,"346
343
340
337
334
331
328
325
321
3","2","save","save","title,tub,letter,cellar,offer,planes,knee,hope","key,river","title
tub
cellar
hope
knee","key
river",116198,"26","female","English","white",8,1,0.625
"271","anon50",7,293,"290
287
284
281
278
275
272
269","2","delete","delete","horse,space,cent,meal,candy,army,expert,wash","time,jar","horse
space
candy
meal","forest
rat",111070,"26","female","English","white",8,0,0.5
"272","anon50",8,450,"447
444
441
438
435
431
428
425
421
418
415
412
","2","delete","delete","top,animal,stream,test,meat,chair,store,bead","cup,fuel","meat
animal
store","cup
fuel",101959,"26","female","English","white",10,1,0.375
"273","anon51",1,675,"672
","2","delete","delete","bikes,hate,waste,lip,form,jeans,match,rat","bear,crib","rats","car",130151,"44","female","english","white",1,0,0
"274","anon51",2,269,"266
263
260
257
254
251
247
","2","save","save","cannon,zoo,attack,brick,plate,crown,cat,board","toad,system","board
cat
crown
brick
plate
attack
zoo","toad
system",129633,"44","female","english","white",6,1,0.875
"275","anon51",3,381,"378
375
372
369
","2","save","save","title,tub,letter,cellar,offer,planes,knee,hope","office,war","letter
title
planes
hope
knee
offer","office
war",132540,"44","female","english","white",4,1,0.75
"276","anon51",4,902,"899
896
893
890
8","2","save","save","top,animal,stream,test,meat,chair,store,bead","key,river","chair
animal
bead
store
meat
test","key
river",135320,"44","female","english","white",4,1,0.75
"277","anon51",5,869,"869
866
863
860
857
854
851
84","2","delete","delete","horse,space,cent,meal,candy,army,expert,wash","rifle,shirt","space
expert
horse
army
candy
rent
spent","rifle
shirt",112105,"44","female","english","white",6,1,0.625
"278","anon51",6,805,"802
799
796
793
790
787
784
7","2","save","save","toy,glove,roll,scene,fowl,lace,son,field","cup,fuel","field
glove
toy
scene
roll","cup
fuel",152592,"44","female","english","white",7,1,0.625
"279","anon51",7,846,"843
840
837
834
831
828","2","delete","delete","moth,steel,lumber,suit,sound,trip,sign,junk","time,jar","steel
junk
moth
trip
sign","time
jar",111940,"44","female","english","white",6,1,0.625
"280","anon51",8,313,"310
307
304
301
298
295
2","2","delete","delete","laugh,whip,land,thing,car,walk,sink,camp","eggs,snow","walk
sink
stupid
thing
laugh
wh","eggs
snow",112002,"44","female","english","white",6,1,0.5
"281","anon52",1,610,"","2","delete","delete","bikes,hate,waste,lip,form,jeans,match,rat","bear,crib","bike
hate
waste
lip
","bear
crib
",133036,"33","female","English","black",0,1,0.5
"282","anon52",2,338,"338
335
332
329","2","save","save","cannon,zoo,attack,brick,plate,crown,cat,board","toad,system","cannon
zoo
attack
brick
plate
","toad
system
",124107,"33","female","English","black",3,1,0.625
"283","anon52",3,372,"372
369","2","save","save","horse,space,cent,meal,candy,army,expert,wash","time,jar","horse
space
cents
meal
candy
army
expert
was","time
jar",123052,"33","female","English","black",1,1,0.75
"284","anon52",4,486,"486
483
480
","2","delete","delete","laugh,whip,land,thing,car,walk,sink,camp","key,river","whip
laugh
car
wa","key
river
",107493,"33","female","English","black",2,1,0.375
"285","anon52",5,208,"208
205
202
199","2","delete","delete","top,animal,stream,test,meat,chair,store,bead","cup,fuel","bead
top","cup
fuel",102964,"33","female","English","black",3,1,0.25
"286","anon52",6,957,"957
954
951
948
9","2","delete","delete","moth,steel,lumber,suit,sound,trip,sign,junk","rifle,shirt","moth
steel
lum","rifle
shirt",102530,"33","female","English","black",3,1,0.25
"287","anon52",7,901,"901
899
896
89","2","save","save","title,tub,letter,cellar,offer,planes,knee,hope","eggs,snow","tube
tile
letter
plane
cellar
","eggs
snow
",118619,"33","female","English","black",1,1,0.375
"288","anon52",8,765,"765
762
699
69","2","save","save","toy,glove,roll,scene,fowl,lace,son,field","office,war","toy
glove
roll
scene
fow","office
war
",116293,"33","female","English","black",1,1,0.5
"289","anon53",1,827,"824
821
81","8","delete","delete","bikes,hate,waste,lip,form,jeans,match,rat","bear,insect,dinner,crib,hobby,thumb,knot,blade","Hate
Bicycle
Tennis
","Bear
Dinner
Break
Crib
",120164,"19","male","English","white",2,0.375,0.125
"290","anon53",2,747,"744
741
738
735
732
72","8","save","save","cannon,zoo,attack,brick,plate,crown,cat,board","doll,skate,toad,collar,powder,sense,shoe,system","Cat
Crown
Attack
Cycle","Sense
Shoe
System
State
Collar
Doll",121772,"19","male","English","white",5,0.625,0.375
"291","anon53",3,698,"695
692
689
686
683
680
","8","save","save","laugh,whip,land,thing,car,walk,sink,camp","clam,mice,guide,key,note,river,pen,earth","Clamp
Walk
Land
Laugh
Whip","earth
river
pen
note
clam
mice
guide
",122158,"19","male","English","white",6,0.875,0.5
"292","anon53",4,346,"343
340
337
334
331
328
325
","8","delete","delete","horse,space,cent,meal,candy,army,expert,wash","chess,curtain,time,plant,pies,geese,jar,word","army
meal
expert
","geese
pie
jar
plant",101802,"19","male","English","white",7,0.375,0.375
"293","anon53",5,364,"361
358
355
352
349
","8","save","save","top,animal,stream,test,meat,chair,store,bead","flag,eggs,boy,rail,party,snow,button,wine","bread
meat
store
test
chair
top
","boy
egg
flag
rail
wine
button
party
snow",120467,"19","male","English","white",5,1,0.625
"294","anon53",6,562,"559
556
553
550
547
544
541
53","8","delete","delete","moth,steel,lumber,suit,sound,trip,sign,junk","cup,street,paper,bank,voyage,fuel,swing,bag","lumber
steel
suit
","paper
bank
voyage
steet
cup
",102982,"19","male","English","white",7,0.5,0.375
"295","anon53",7,708,"705
702
699
696
693
690
6","8","save","save","toy,glove,roll,scene,fowl,lace,son,field","stage,duck,rifle,fang,shirt,bulb,fruit,yarn","lace
fowl
roll
gloves
boy
toy
","duck
rifle
stage
fruit
bulb
fang
shirt
yarn",117424,"19","male","English","white",6,1,0.5
"296","anon53",8,953,"950
947
944
941
938
935
932
929","8","delete","delete","title,tub,letter,cellar,offer,planes,knee,hope","top,animal,stream,test,meat,chair,store,bead","tub
letter
plane
knee
","top
chair
test
store
bread
meat
animal
stream",103164,"19","male","English","white",8,0.875,0.5
"297","anon54",1,653,"650
64","2","delete","delete","bikes,hate,waste,lip,form,jeans,match,rat","bear,crib","Bikes
Waste
jeans
rat
hate
form","bear
crib",137961,"27","female","English","white",1,1,0.75
"298","anon54",2,489,"486
483
480","2","save","save","cannon,zoo,attack,brick,plate,crown,cat,board","toad,system","zoo
cat
board
attack
brick
plat","toad
system",129070,"27","female","English","white",3,1,0.625
"299","anon54",3,566,"563
560
557","2","delete","delete","top,animal,stream,test,meat,chair,store,bead","rifle,shirt","animal
chair
bead
store
top
meat
","rifle
shirt",121342,"27","female","English","white",3,1,0.75
"300","anon54",4,808,"805
802
799","2","save","save","horse,space,cent,meal,candy,army,expert,wash","key,river","army
wash
expert
meal
cent
horse
space","key
river",239912,"27","female","English","white",3,1,0.875
"301","anon54",5,989,"986
983
980
977","2","save","save","laugh,whip,land,thing,car,walk,sink,camp","office,war","land
car
walk
sink
laugh","war
office",199284,"27","female","English","white",4,1,0.625
"302","anon54",6,930,"927
924
921","2","save","save","toy,glove,roll,scene,fowl,lace,son,field","eggs,snow","glove
roll
lace
son
toy","snow
eggs",148860,"27","female","English","white",3,1,0.625
"303","anon54",7,375,"372
369
","2","delete","delete","moth,steel,lumber,suit,sound,trip,sign,junk","time,jar","junk
moth
suit","jar
time",108806,"27","female","English","white",2,1,0.375
"304","anon54",8,687,"684
681
678","2","delete","delete","title,tub,letter,cellar,offer,planes,knee,hope","cup,fuel","tub
letter
hope
planes
offer","cup
fuel",125712,"27","female","English","white",3,1,0.625
"305","anon56",1,200,"197","2","delete","delete","bikes,hate,waste,lip,form,jeans,match,rat","bear,crib","bike
hate
lips
match
jeans
rat","bear
crib
",111569,"30","female","English","white",1,1,0.625
"306","anon56",2,412,"409","2","save","save","cannon,zoo,attack,brick,plate,crown,cat,board","toad,system","brick
plate
zoo
attack
cat","toad
system",119626,"30","female","English","white",1,1,0.625
"307","anon56",3,936,"933
930","2","delete","delete","title,tub,letter,cellar,offer,planes,knee,hope","time,jar","hope
knee
kick
title","jar",111098,"30","female","English","white",2,0.5,0.375
"308","anon56",4,702,"702
699","2","save","save","horse,space,cent,meal,candy,army,expert,wash","eggs,snow","cent
horse
kick
","eggs
snow",124086,"30","female","English","white",1,1,0.25
"309","anon56",5,642,"642
639","2","save","save","laugh,whip,land,thing,car,walk,sink,camp","key,river","whip
car
thing
walk
think
","key
river
",121755,"30","female","English","white",1,1,0.5
"310","anon56",6,832,"832
829","2","delete","delete","toy,glove,roll,scene,fowl,lace,son,field","cup,fuel","fowl
lace
kick
","fuel
cup",101347,"30","female","English","white",1,1,0.25
"311","anon56",7,386,"836
833","2","delete","delete","top,animal,stream,test,meat,chair,store,bead","office,war","bead
store
meat
chair
animal
top
","cup
stop",102378,"30","female","English","white",1,0,0.75
"312","anon56",8,815,"815
812","2","save","save","moth,steel,lumber,suit,sound,trip,sign,junk","rifle,shirt","moth
suit
steel
lumber
junk
sign","rifle
shirt",121055,"30","female","English","white",1,1,0.75
"313","anon57",1,596,"593
590
587
5","8","delete","delete","bikes,hate,waste,lip,form,jeans,match,rat","bear,insect,dinner,crib,hobby,thumb,knot,blade","Bike
hate
test
lip
word
","bears
line
",107746,"25","female","English","white",3,0,0.25
"314","anon57",2,375,"372
369
366
363
3","8","save","save","cannon,zoo,attack,brick,plate,crown,cat,board","doll,skate,toad,collar,powder,sense,shoe,system","cannon
zoo
brick
pla","doll
skate
powder
collar
sense
shoe
system
",119595,"25","female","English","white",4,0.875,0.375
"315","anon57",3,737,"734
731
628
6","8","delete","delete","horse,space,cent,meal,candy,army,expert,wash","flag,eggs,boy,rail,party,snow,button,wine","candy
party
cent
wash
horse
","",100794,"25","female","English","white",2,0,0.5
"316","anon57",4,831,"828
825
822
8","8","save","save","toy,glove,roll,scene,fowl,lace,son,field","chess,curtain,time,plant,pies,geese,jar,word","fowl
glove
geese
toy
","curtain
chess
geese
pies
time
",118329,"25","female","English","white",3,0.625,0.375
"317","anon57",5,976,"973
970
967
964
","8","delete","delete","moth,steel,lumber,suit,sound,trip,sign,junk","clam,mice,guide,key,note,river,pen,earth","junk
moth
steel
sound
lumber
","mice
",103548,"25","female","English","white",4,0.125,0.625
"318","anon57",6,659,"656
653
650
647
644
641
63","8","delete","delete","title,tub,letter,cellar,offer,planes,knee,hope","stage,duck,rifle,fang,shirt,bulb,fruit,yarn","knee
tub
boat","fruit
bulb
stage
yarn",101812,"25","female","English","white",6,0.5,0.25
"319","anon57",7,332,"329
326
323
320
317
3","8","save","save","top,animal,stream,test,meat,chair,store,bead","top,animal,stream,test,meat,chair,store,bead","store
meat
chair
animal
chest
","top
animal
stream
test
chair
store
meat",119774,"25","female","English","white",5,0.875,0.5
"320","anon57",8,311,"308
305
302
299
297","8","save","save","laugh,whip,land,thing,car,walk,sink,camp","cup,street,paper,bank,voyage,fuel,swing,bag","laugh
whip
sink
lamp
cough","cup
street
paper
bank
fuel
voyage
bag",121134,"25","female","English","white",4,0.875,0.375
"321","anon58",1,392,"389
385","8","delete","delete","bikes,hate,waste,lip,form,jeans,match,rat","bear,insect,dinner,crib,hobby,thumb,knot,blade","waste
bike
","bear
insect
water",112532,"29","female","english","black",1,0.25,0.25
"322","anon58",2,380,"377
374
371
368
365
362","8","save","save","cannon,zoo,attack,brick,plate,crown,cat,board","doll,skate,toad,collar,powder,sense,shoe,system","cannon
zoo
cat
attack","doll
skate
toad
collar
powder
system",121080,"29","female","english","black",6,0.75,0.5
"323","anon58",3,639,"636
633
630
627
624
621
618
6","8","delete","delete","title,tub,letter,cellar,offer,planes,knee,hope","stage,duck,rifle,fang,shirt,bulb,fruit,yarn","title
tub
letter
cellar","stage
",108330,"29","female","english","black",7,0.125,0.5
"324","anon58",4,687,"684
681
678
675
672
669
666","8","delete","delete","moth,steel,lumber,suit,sound,trip,sign,junk","clam,mice,guide,key,note,river,pen,earth","moth
steel
lumber
suit","clam
mice",107462,"29","female","english","black",7,0.25,0.5
"325","anon58",5,262,"259
256
253
250
247
244
241
","8","save","save","toy,glove,roll,scene,fowl,lace,son,field","top,animal,stream,test,meat,chair,store,bead","toy
glove
roll
scene","top
animal
stream
test
meat
chair
",124787,"29","female","english","black",7,0.75,0.5
"326","anon58",6,541,"538
535
532
529
526
523
520
","8","delete","delete","horse,space,cent,meal,candy,army,expert,wash","flag,eggs,boy,rail,party,snow,button,wine","horse
space","flag",102358,"29","female","english","black",7,0.125,0.25
"327","anon58",7,981,"978
975
972
969
966
963
","8","save","save","top,animal,stream,test,meat,chair,store,bead","cup,street,paper,bank,voyage,fuel,swing,bag","top
animal
stream
test
meat
chair","cup
street
paper
bank
voyage",117930,"29","female","english","black",6,0.625,0.75
"328","anon58",8,966,"963
960
957
954
951
948
945
942
","8","save","save","laugh,whip,land,thing,car,walk,sink,camp","chess,curtain,time,plant,pies,geese,jar,word","laugh
whip
land
thing","chess
curtain
time
plant
pies",121796,"29","female","english","black",8,0.625,0.5
"329","anon59",1,510,"507","8","delete","delete","bikes,hate,waste,lip,form,jeans,match,rat","bear,insect,dinner,crib,hobby,thumb,knot,blade","crib
bike
rat
hat
thumb
knot","rat
hat
knot
knob
",114318,"42","female","English","white",1,0.125,0.25
"330","anon59",2,927,"924
921
918
915
912
","8","save","save","cannon,zoo,attack,brick,plate,crown,cat,board","doll,skate,toad,collar,powder,sense,shoe,system","cannon
plate
shoe
board
castle
","doll
skate
crowd
powder
shoe
system",121425,"42","female","English","white",5,0.625,0.375
"331","anon59",3,788,"785
782
779
776
773
770
","8","save","save","laugh,whip,land,thing,car,walk,sink,camp","stage,duck,rifle,fang,shirt,bulb,fruit,yarn","laugh
whip
car
thing
camp
","stage
duck
rifle
fang
fruit
yarn",119595,"42","female","English","white",6,0.75,0.625
"332","anon59",4,642,"639
636
633
630
627
624
621
","8","save","save","horse,space,cent,meal,candy,army,expert,wash","top,animal,stream,test,meat,chair,store,bead","horse
cent
army
wash
","top
animal
store
test
meat
chair
bead",119084,"42","female","English","white",7,0.875,0.5
"333","anon59",5,757,"754
751
748
745
742
7","8","delete","delete","top,animal,stream,test,meat,chair,store,bead","clam,mice,guide,key,note,river,pen,earth","animal
top
stream
test
meat
chair
store
bead","clam
mice
soup
",101981,"42","female","English","white",5,0.25,1
"334","anon59",6,448,"445
442
439
436
433
430
427
","8","delete","delete","moth,steel,lumber,suit,sound,trip,sign,junk","cup,street,paper,bank,voyage,fuel,swing,bag","moth
steel
lumber
suit
","stream
cup
",102312,"42","female","English","white",7,0.125,0.5
"335","anon59",7,876,"873
870
867
864
861
858
855
","8","save","save","title,tub,letter,cellar,offer,planes,knee,hope","chess,curtain,time,plant,pies,geese,jar,word","tile
tub
knee
hope
offer
letter
","chess
curtain
jar
word
geese
",119550,"42","female","English","white",7,0.625,0.625
"336","anon59",8,276,"273
270
267
264
261
","8","delete","delete","toy,glove,roll,scene,fowl,lace,son,field","flag,eggs,boy,rail,party,snow,button,wine","toy
glove
snow
button
field
","boy
rail
snow
field
",101095,"42","female","English","white",5,0.375,0.375
"337","anon6",1,934,"931
928
925
922
","2","delete","delete","bikes,hate,waste,lip,form,jeans,match,rat","bear,crib","rat
jeans
lip
bikes","bear
crib",119450,"52","female","English","asian",4,1,0.5
"338","anon6",2,213,"210
207
204
201
199
196
193
190
187
184
18","2","save","save","cannon,zoo,attack,brick,plate,crown,cat,board","toad,system","cannon
zoo
brick
cat
plate
attack","toad
system",133703,"52","female","English","asian",9,1,0.75
"339","anon6",3,589,"586
583
580
577
574
571
568
565
562
559
556
553
550
","2","save","save","top,animal,stream,test,meat,chair,store,bead","rifle,shirt","top
animal
stream
meat
store
bread","rifle
shirt",129082,"52","female","English","asian",13,1,0.625
"340","anon6",4,484,"481
478
475
472
469
466
463
460
457
454
451
448
445
442
","2","delete","delete","horse,space,cent,meal,candy,army,expert,wash","cup,fuel","horse
space
meal
candy
","cup
fuel",116104,"52","female","English","asian",14,1,0.5
"341","anon6",5,934,"931
928
925
922
919
916
913
910
907
904
901
898
895
892
","2","delete","delete","moth,steel,lumber,suit,sound,trip,sign,junk","key,river","suit
junk
yard
sound
sign
lumber","river
key",114040,"52","female","English","asian",14,1,0.625
"342","anon6",6,569,"566
563
560
557
554
551
548
545
542
539
536
533
530
527
524
","2","delete","delete","laugh,whip,land,thing,car,walk,sink,camp","eggs,snow","thing
car
camp
sink
","eggs
snow",112808,"52","female","English","asian",15,1,0.5
"343","anon6",7,891,"898
895
892
889
886
883
880
877
874
871
868
865
83","2","save","save","toy,glove,roll,scene,fowl,lace,son,field","office,war","son
field
fowl
glove","office
war",125621,"52","female","English","asian",11,1,0.5
"344","anon6",8,791,"768
765
762
759
756
753
750
747
744
741
738","2","save","save","title,tub,letter,cellar,offer,planes,knee,hope","time,jar","office
tub
letter
offer
title","time
jar",128024,"52","female","English","asian",10,1,0.5
"345","anon60",1,541,"538
53","2","delete","delete","bikes,hate,waste,lip,form,jeans,match,rat","bear,crib","bikes
watch
lip
","bear",121220,"50","female","english","white",1,0.5,0.25
"346","anon60",2,992,"989
986
983
980","2","save","save","cannon,zoo,attack,brick,plate,crown,cat,board","toad,system","crown
brick
plate
cat
","toad
system",130298,"50","female","english","white",4,1,0.5
"347","anon60",3,740,"737
734
731
72","2","delete","delete","horse,space,cent,meal,candy,army,expert,wash","cup,fuel","horse
space
cent
expert
wash
","fuel
cup",102828,"50","female","english","white",3,1,0.625
"348","anon60",4,717,"714
711
708
70","2","delete","delete","toy,glove,roll,scene,fowl,lace,son,field","time,jar","toy
glove
fowl
scene
","",106659,"50","female","english","white",3,0,0.5
"349","anon60",5,284,"281
279
276
273","2","delete","delete","title,tub,letter,cellar,offer,planes,knee,hope","eggs,snow","title
letter
cellar
loan
","snow
eggs",104970,"50","female","english","white",3,1,0.375
"350","anon60",6,920,"917
914
911
9","2","save","save","moth,steel,lumber,suit,sound,trip,sign,junk","rifle,shirt","trip
junk
file
","rifle
shirt
",121939,"50","female","english","white",3,1,0.25
"351","anon60",7,785,"782
779
7","2","save","save","top,animal,stream,test,meat,chair,store,bead","key,river","store
stream
bead
top
animal
","key
river",119764,"50","female","english","white",2,1,0.625
"352","anon60",8,809,"806","2","save","save","laugh,whip,land,thing,car,walk,sink,camp","office,war","whip
land
car
office
walk
","office
war",121550,"50","female","english","white",1,1,0.5
"353","anon7",1,871,"868
865
862","2","delete","delete","bikes,hate,waste,lip,form,jeans,match,rat","bear,crib","bikes
hate
lip
form
rat","bear
crib",108376,"32","female","English","asian",3,1,0.625
"354","anon7",2,942,"939
936
933
930
927
924
921
918
915
912
","2","save","save","cannon,zoo,attack,brick,plate,crown,cat,board","toad,system","cannon
zoo
brick
","toad
system
",119176,"32","female","English","asian",10,1,0.375
"355","anon7",3,260,"257
254
251
248
245
242
239
236
233
230
","2","save","save","horse,space,cent,meal,candy,army,expert,wash","office,war","horse
candy
space
cent
meal
wash","office
war
",115937,"32","female","English","asian",10,1,0.75
"356","anon7",4,254,"251
248
245
242
239
236
233
230
227
22","2","save","save","laugh,whip,land,thing,car,walk,sink,camp","cup,fuel","laugh
whip
car
walk
","cup
fuel
",116819,"32","female","English","asian",9,1,0.5
"357","anon7",5,576,"573
570
567
564
561
558
","2","delete","delete","top,animal,stream,test,meat,chair,store,bead","rifle,shirt","stream
top
chair
animal
store
bead","rifle
shirt",102225,"32","female","English","asian",6,1,0.75
"358","anon7",6,838,"835
832
829
826
823
820
817
814
811
8","2","delete","delete","toy,glove,roll,scene,fowl,lace,son,field","time,jar","toy
glove
fowl
lace
son
field
","",101378,"32","female","English","asian",9,0,0.75
"359","anon7",7,532,"529
526
523
520
517
514
511
508
505
502
","2","delete","delete","moth,steel,lumber,suit,sound,trip,sign,junk","eggs,snow","steel
lumber
","eggs
snow
",99594,"32","female","English","asian",10,1,0.25
"360","anon7",8,902,"899
896
893
890
887
884
881
878
875
872
","2","save","save","title,tub,letter,cellar,offer,planes,knee,hope","key,river","knee
hope
title
tub
","key
river
",118064,"32","female","English","asian",10,1,0.5
"361","anon8",1,389,"386
383
380
377
374
371
368
365
362
359
356
353
35","2","delete","delete","bikes,hate,waste,lip,form,jeans,match,rat","bear,crib","rat
form
bikes
","bear
crib
insect
",109096,"57","female","English","white",12,1,0.375
"362","anon8",2,210,"207
204
201
198
195
192
189
186
183
180
177+
","2","save","save","cannon,zoo,attack,brick,plate,crown,cat,board","toad,system","cat
plate
zoo
","toad
system
doll
skate
",120873,"57","female","English","white",10,1,0.375
"363","anon8",3,658,"655
653
650
647
644
641
638
635
632
629
626
623
","2","delete","delete","title,tub,letter,cellar,offer,planes,knee,hope","office,war","title
letter
offer","offer
war
",109912,"57","female","English","white",11,0.5,0.375
"364","anon8",4,460,"457
454
451
448
445
442
439
43","2","save","save","horse,space,cent,meal,candy,army,expert,wash","rifle,shirt","horse
meal
candy
wash

","rifle
shirt
",120049,"57","female","English","white",7,1,0.5
"365","anon8",5,733,"730
727
724
721
718
715
712
709
706
703
700
697
694
","2","save","save","toy,glove,roll,scene,fowl,lace,son,field","cup,fuel","toy
glove
roll
field
son
","cup
fuel
",118977,"57","female","English","white",13,1,0.625
"366","anon8",6,629,"626
623
620
617
614
611
608
605
602
599
596
593
590
","2","save","save","top,animal,stream,test,meat,chair,store,bead","eggs,snow","animal
store
stream
top
test
","eggs
snow
",128737,"57","female","English","white",13,1,0.625
"367","anon8",7,951,"948
945
942
938
935
932
929
926
923

","2","delete","delete","laugh,whip,land,thing,car,walk,sink,camp","time,jar","laugh
land
car
walk
camp
","time
jar
",101505,"57","female","English","white",8,1,0.625
"368","anon8",8,430,"427
424
421
418
415
412
409
406
403
400
397
394
39","2","delete","delete","moth,steel,lumber,suit,sound,trip,sign,junk","key,river","moth
trip
sign
junk
","key
river
",106946,"57","female","English","white",12,1,0.5
"369","anon9",1,745,"742
739
736
733
730
727
724
721
718
","2","delete","delete","bikes,hate,waste,lip,form,jeans,match,rat","bear,crib","hate
bike
jeans
match
h","bear
crib",104228,"25","male","English","white",9,1,0.5
"370","anon9",2,716,"716
713
710
707
704
701
698
695
692
689
","2","save","save","cannon,zoo,attack,brick,plate,crown,cat,board","toad,system","toad
system","toad
system",117523,"25","male","English","white",9,1,0
"371","anon9",3,610,"610
607
604
601
598
595
592
589
586
583
580","2","delete","delete","laugh,whip,land,thing,car,walk,sink,camp","rifle,shirt","car
thing
walk
camp
laugh
cannon
","rifle
jacket",105758,"25","male","English","white",10,0.5,0.625
"372","anon9",4,962,"962
959
956
953
950
947
944
941
938
935
932
","2","save","save","title,tub,letter,cellar,offer,planes,knee,hope","time,jar","tub
planes
cellar","time
jar",116604,"25","male","English","white",10,1,0.375
"373","anon9",5,518,"515
512
509
506
503
500
497
494
491
488
485
","2","save","save","top,animal,stream,test,meat,chair,store,bead","eggs,snow","top
animal
meat
steam
store
chair
bead","eggs
snow",117132,"25","male","English","white",11,1,0.75
"374","anon9",6,321,"318
315
312
309
306
303
300
297
294
291
288
","2","delete","delete","toy,glove,roll,scene,fowl,lace,son,field","cup,fuel","toy
glove
boy
sun
","cup
fuel",101274,"25","male","English","white",11,1,0.25
"375","anon9",7,963,"960
957
954
951
948
945
942
938
935
932
929
926
92","2","save","save","horse,space,cent,meal,candy,army,expert,wash","office,war","horse
army
wash
space
candy
camp
","office
war",115271,"25","male","English","white",11,1,0.625
"376","anon9",8,506,"503
500
497
494
491
488
485
482
479
476
473
470
","2","delete","delete","moth,steel,lumber,suit,sound,trip,sign,junk","key,river","moth
steel
sign
jump
suit
","key
river",99586,"25","male","English","white",12,1,0.5
